Company Name,Sector,Number of Funds,Funds Holding This Stock,Yahoo_Ticker,Current Price (INR),90-Day ADV (Shares),Amihud Measure
ICICI Bank Ltd.,Financials,33,"ICICI Pru Large Cap Fund, SBI Large Cap Fund-Reg, Nippon India Large Cap Fund, HDFC Large Cap Fund, Mirae Asset Large Cap Fund-Reg, Axis Large Cap Fund-Reg, Aditya Birla SL Large Cap Fund-, Canara Rob Large Cap Fund-Reg, UTI Large Cap Fund-Reg, Kotak Large Cap Fund, Franklin India Large Cap Fund, DSP Large Cap Fund-Reg, Quant Large Cap Fund-Reg, Motilal Oswal Large Cap Fund-Re, Sundaram Large Cap Fund-Reg, Tata Large Cap Fund-Reg, Baroda BNP Paribas Large Cap Fu, Bandhan Large Cap Fund-Reg, Invesco India Largecap Fund-Reg, HSBC Large Cap Fund, Bajaj Finserv Large Cap Fund-Re, Edelweiss Large Cap Fund-Reg, LIC MF Large Cap Fund-Reg, WOC Large Cap Fund-Reg, Parag Parikh Large Cap Fund-Reg, Mahindra Manulife Large Cap Fun, PGIM India Large Cap Fund, Union Largecap Fund-Reg, JM Large Cap Fund-Reg, ITI Large Cap Fund-Reg, Bank of India Large Cap Fund-Re, Groww Largecap Fund-Reg, Taurus Large Cap Fund-Reg",ICICIBANK.NS,1432.9,15055351.0,5.014627955811347e-13
Axis Bank Ltd.,Financials,32,"ICICI Pru Large Cap Fund, SBI Large Cap Fund-Reg, Nippon India Large Cap Fund, HDFC Large Cap Fund, Mirae Asset Large Cap Fund-Reg, Axis Large Cap Fund-Reg, Aditya Birla SL Large Cap Fund-, Canara Rob Large Cap Fund-Reg, UTI Large Cap Fund-Reg, Kotak Large Cap Fund, Franklin India Large Cap Fund, DSP Large Cap Fund-Reg, Motilal Oswal Large Cap Fund-Re, Sundaram Large Cap Fund-Reg, Tata Large Cap Fund-Reg, Baroda BNP Paribas Large Cap Fu, Bandhan Large Cap Fund-Reg, Invesco India Largecap Fund-Reg, HSBC Large Cap Fund, Bajaj Finserv Large Cap Fund-Re, Edelweiss Large Cap Fund-Reg, LIC MF Large Cap Fund-Reg, WOC Large Cap Fund-Reg, Parag Parikh Large Cap Fund-Reg, Mahindra Manulife Large Cap Fun, PGIM India Large Cap Fund, Union Largecap Fund-Reg, JM Large Cap Fund-Reg, ITI Large Cap Fund-Reg, Bank of India Large Cap Fund-Re, Groww Largecap Fund-Reg, Taurus Large Cap Fund-Reg",AXISBANK.NS,1227.3,7190618.0,1.1597703288130445e-12
Bharti Airtel Ltd.,Media and Communications,32,"ICICI Pru Large Cap Fund, SBI Large Cap Fund-Reg, HDFC Large Cap Fund, Mirae Asset Large Cap Fund-Reg, Axis Large Cap Fund-Reg, Aditya Birla SL Large Cap Fund-, Canara Rob Large Cap Fund-Reg, UTI Large Cap Fund-Reg, Kotak Large Cap Fund, Franklin India Large Cap Fund, DSP Large Cap Fund-Reg, Quant Large Cap Fund-Reg, Motilal Oswal Large Cap Fund-Re, Sundaram Large Cap Fund-Reg, Tata Large Cap Fund-Reg, Baroda BNP Paribas Large Cap Fu, Bandhan Large Cap Fund-Reg, Invesco India Largecap Fund-Reg, HSBC Large Cap Fund, Bajaj Finserv Large Cap Fund-Re, Edelweiss Large Cap Fund-Reg, LIC MF Large Cap Fund-Reg, WOC Large Cap Fund-Reg, Parag Parikh Large Cap Fund-Reg, Mahindra Manulife Large Cap Fun, PGIM India Large Cap Fund, Union Largecap Fund-Reg, JM Large Cap Fund-Reg, ITI Large Cap Fund-Reg, Bank of India Large Cap Fund-Re, Groww Largecap Fund-Reg, Taurus Large Cap Fund-Reg",BHARTIARTL.NS,1898.2,8003391.0,7.602353488423838e-13
Larsen & Toubro Ltd.,Infrastructure,32,"ICICI Pru Large Cap Fund, SBI Large Cap Fund-Reg, Nippon India Large Cap Fund, HDFC Large Cap Fund, Mirae Asset Large Cap Fund-Reg, Axis Large Cap Fund-Reg, Aditya Birla SL Large Cap Fund-, Canara Rob Large Cap Fund-Reg, UTI Large Cap Fund-Reg, Kotak Large Cap Fund, Franklin India Large Cap Fund, DSP Large Cap Fund-Reg, Quant Large Cap Fund-Reg, Motilal Oswal Large Cap Fund-Re, Sundaram Large Cap Fund-Reg, Tata Large Cap Fund-Reg, Baroda BNP Paribas Large Cap Fu, Bandhan Large Cap Fund-Reg, Invesco India Largecap Fund-Reg, HSBC Large Cap Fund, Bajaj Finserv Large Cap Fund-Re, Edelweiss Large Cap Fund-Reg, LIC MF Large Cap Fund-Reg, WOC Large Cap Fund-Reg, Parag Parikh Large Cap Fund-Reg, Mahindra Manulife Large Cap Fun, PGIM India Large Cap Fund, Union Largecap Fund-Reg, JM Large Cap Fund-Reg, ITI Large Cap Fund-Reg, Bank of India Large Cap Fund-Re, Groww Largecap Fund-Reg",LT.NS,3785.6,2131973.0,1.1679485733374335e-12
HDFC Bank Ltd.,Financials,32,"ICICI Pru Large Cap Fund, SBI Large Cap Fund-Reg, Nippon India Large Cap Fund, HDFC Large Cap Fund, Mirae Asset Large Cap Fund-Reg, Axis Large Cap Fund-Reg, Aditya Birla SL Large Cap Fund-, Canara Rob Large Cap Fund-Reg, UTI Large Cap Fund-Reg, Kotak Large Cap Fund, Franklin India Large Cap Fund, DSP Large Cap Fund-Reg, Motilal Oswal Large Cap Fund-Re, Sundaram Large Cap Fund-Reg, Tata Large Cap Fund-Reg, Baroda BNP Paribas Large Cap Fu, Bandhan Large Cap Fund-Reg, Invesco India Largecap Fund-Reg, HSBC Large Cap Fund, Bajaj Finserv Large Cap Fund-Re, Edelweiss Large Cap Fund-Reg, LIC MF Large Cap Fund-Reg, WOC Large Cap Fund-Reg, Parag Parikh Large Cap Fund-Reg, Mahindra Manulife Large Cap Fun, PGIM India Large Cap Fund, Union Largecap Fund-Reg, JM Large Cap Fund-Reg, ITI Large Cap Fund-Reg, Bank of India Large Cap Fund-Re, Groww Largecap Fund-Reg, Taurus Large Cap Fund-Reg",HDFCBANK.NS,742.8,34446240.0,4.145748874884223e-13
State Bank Of India,Financials,32,"ICICI Pru Large Cap Fund, SBI Large Cap Fund-Reg, Nippon India Large Cap Fund, HDFC Large Cap Fund, Mirae Asset Large Cap Fund-Reg, Axis Large Cap Fund-Reg, Aditya Birla SL Large Cap Fund-, Canara Rob Large Cap Fund-Reg, UTI Large Cap Fund-Reg, Kotak Large Cap Fund, Franklin India Large Cap Fund, DSP Large Cap Fund-Reg, Motilal Oswal Large Cap Fund-Re, Sundaram Large Cap Fund-Reg, Tata Large Cap Fund-Reg, Baroda BNP Paribas Large Cap Fu, Bandhan Large Cap Fund-Reg, HSBC Large Cap Fund, Bajaj Finserv Large Cap Fund-Re, Edelweiss Large Cap Fund-Reg, LIC MF Large Cap Fund-Reg, WOC Large Cap Fund-Reg, Parag Parikh Large Cap Fund-Reg, Mahindra Manulife Large Cap Fun, PGIM India Large Cap Fund, Union Largecap Fund-Reg, JM Large Cap Fund-Reg, ITI Large Cap Fund-Reg, Bank of India Large Cap Fund-Re, Groww Largecap Fund-Reg, Samco Large Cap Fund-Reg, Taurus Large Cap Fund-Reg",SBIN.NS,1015.0,13787763.0,7.708843427746372e-13
Kotak Mahindra Bank Ltd.,Financials,30,"ICICI Pru Large Cap Fund, SBI Large Cap Fund-Reg, Nippon India Large Cap Fund, HDFC Large Cap Fund, Mirae Asset Large Cap Fund-Reg, Axis Large Cap Fund-Reg, Aditya Birla SL Large Cap Fund-, Canara Rob Large Cap Fund-Reg, UTI Large Cap Fund-Reg, Kotak Large Cap Fund, Franklin India Large Cap Fund, DSP Large Cap Fund-Reg, Motilal Oswal Large Cap Fund-Re, Sundaram Large Cap Fund-Reg, Tata Large Cap Fund-Reg, Baroda BNP Paribas Large Cap Fu, Bandhan Large Cap Fund-Reg, HSBC Large Cap Fund, Bajaj Finserv Large Cap Fund-Re, Edelweiss Large Cap Fund-Reg, WOC Large Cap Fund-Reg, Parag Parikh Large Cap Fund-Reg, Mahindra Manulife Large Cap Fun, PGIM India Large Cap Fund, Union Largecap Fund-Reg, JM Large Cap Fund-Reg, ITI Large Cap Fund-Reg, Bank of India Large Cap Fund-Re, Groww Largecap Fund-Reg, Taurus Large Cap Fund-Reg",KOTAKBANK.NS,384.75,17118025.0,1.6673432708036543e-12
Reliance Industries Ltd.,Energy,30,"ICICI Pru Large Cap Fund, SBI Large Cap Fund-Reg, Nippon India Large Cap Fund, HDFC Large Cap Fund, Mirae Asset Large Cap Fund-Reg, Axis Large Cap Fund-Reg, Aditya Birla SL Large Cap Fund-, Canara Rob Large Cap Fund-Reg, UTI Large Cap Fund-Reg, Kotak Large Cap Fund, Franklin India Large Cap Fund, DSP Large Cap Fund-Reg, Motilal Oswal Large Cap Fund-Re, Sundaram Large Cap Fund-Reg, Tata Large Cap Fund-Reg, Baroda BNP Paribas Large Cap Fu, Bandhan Large Cap Fund-Reg, HSBC Large Cap Fund, Bajaj Finserv Large Cap Fund-Re, Edelweiss Large Cap Fund-Reg, LIC MF Large Cap Fund-Reg, WOC Large Cap Fund-Reg, Parag Parikh Large Cap Fund-Reg, Mahindra Manulife Large Cap Fun, PGIM India Large Cap Fund, Union Largecap Fund-Reg, JM Large Cap Fund-Reg, ITI Large Cap Fund-Reg, Bank of India Large Cap Fund-Re, Taurus Large Cap Fund-Reg",RELIANCE.NS,1278.0,15810259.0,5.047342639726082e-13
Mahindra & Mahindra Ltd.,Automobile and Ancillaries,29,"ICICI Pru Large Cap Fund, Nippon India Large Cap Fund, HDFC Large Cap Fund, Mirae Asset Large Cap Fund-Reg, Axis Large Cap Fund-Reg, Aditya Birla SL Large Cap Fund-, Canara Rob Large Cap Fund-Reg, UTI Large Cap Fund-Reg, Kotak Large Cap Fund, Franklin India Large Cap Fund, DSP Large Cap Fund-Reg, Motilal Oswal Large Cap Fund-Re, Sundaram Large Cap Fund-Reg, Tata Large Cap Fund-Reg, Bandhan Large Cap Fund-Reg, Invesco India Largecap Fund-Reg, HSBC Large Cap Fund, Edelweiss Large Cap Fund-Reg, LIC MF Large Cap Fund-Reg, WOC Large Cap Fund-Reg, Parag Parikh Large Cap Fund-Reg, Mahindra Manulife Large Cap Fun, PGIM India Large Cap Fund, Union Largecap Fund-Reg, JM Large Cap Fund-Reg, ITI Large Cap Fund-Reg, Bank of India Large Cap Fund-Re, Groww Largecap Fund-Reg, Taurus Large Cap Fund-Reg",M&M.NS,3161.4,2837575.0,1.607279664296458e-12
Infosys Ltd.,Technology,29,"ICICI Pru Large Cap Fund, SBI Large Cap Fund-Reg, Nippon India Large Cap Fund, HDFC Large Cap Fund, Mirae Asset Large Cap Fund-Reg, Axis Large Cap Fund-Reg, Aditya Birla SL Large Cap Fund-, Canara Rob Large Cap Fund-Reg, UTI Large Cap Fund-Reg, Kotak Large Cap Fund, Franklin India Large Cap Fund, DSP Large Cap Fund-Reg, Motilal Oswal Large Cap Fund-Re, Sundaram Large Cap Fund-Reg, Tata Large Cap Fund-Reg, Baroda BNP Paribas Large Cap Fu, Bandhan Large Cap Fund-Reg, Invesco India Largecap Fund-Reg, HSBC Large Cap Fund, Bajaj Finserv Large Cap Fund-Re, Edelweiss Large Cap Fund-Reg, WOC Large Cap Fund-Reg, Parag Parikh Large Cap Fund-Reg, Mahindra Manulife Large Cap Fun, PGIM India Large Cap Fund, Union Largecap Fund-Reg, JM Large Cap Fund-Reg, Groww Largecap Fund-Reg, Taurus Large Cap Fund-Reg",INFY.NS,1040.9,14082499.0,1.098241145338479e-12
Eternal Ltd.,Retail and Other Services,28,"ICICI Pru Large Cap Fund, SBI Large Cap Fund-Reg, Nippon India Large Cap Fund, HDFC Large Cap Fund, Mirae Asset Large Cap Fund-Reg, Axis Large Cap Fund-Reg, Aditya Birla SL Large Cap Fund-, Canara Rob Large Cap Fund-Reg, UTI Large Cap Fund-Reg, Kotak Large Cap Fund, Franklin India Large Cap Fund, Motilal Oswal Large Cap Fund-Re, Tata Large Cap Fund-Reg, Baroda BNP Paribas Large Cap Fu, Bandhan Large Cap Fund-Reg, Invesco India Largecap Fund-Reg, HSBC Large Cap Fund, Bajaj Finserv Large Cap Fund-Re, Edelweiss Large Cap Fund-Reg, LIC MF Large Cap Fund-Reg, WOC Large Cap Fund-Reg, Parag Parikh Large Cap Fund-Reg, Mahindra Manulife Large Cap Fun, PGIM India Large Cap Fund, Union Largecap Fund-Reg, JM Large Cap Fund-Reg, ITI Large Cap Fund-Reg, Groww Largecap Fund-Reg",ETERNAL.NS,280.0,33692769.0,1.9612997021732773e-12
Titan Company Ltd.,Retail and Other Services,27,"ICICI Pru Large Cap Fund, HDFC Large Cap Fund, Mirae Asset Large Cap Fund-Reg, Axis Large Cap Fund-Reg, Aditya Birla SL Large Cap Fund-, Canara Rob Large Cap Fund-Reg, UTI Large Cap Fund-Reg, Kotak Large Cap Fund, Motilal Oswal Large Cap Fund-Re, Baroda BNP Paribas Large Cap Fu, Bandhan Large Cap Fund-Reg, Invesco India Largecap Fund-Reg, HSBC Large Cap Fund, Bajaj Finserv Large Cap Fund-Re, Edelweiss Large Cap Fund-Reg, LIC MF Large Cap Fund-Reg, WOC Large Cap Fund-Reg, Parag Parikh Large Cap Fund-Reg, Mahindra Manulife Large Cap Fun, PGIM India Large Cap Fund, Union Largecap Fund-Reg, JM Large Cap Fund-Reg, ITI Large Cap Fund-Reg, Bank of India Large Cap Fund-Re, Groww Largecap Fund-Reg, Samco Large Cap Fund-Reg, Taurus Large Cap Fund-Reg",TITAN.NS,4677.0,1029823.0,2.701611570672034e-12
NTPC Ltd.,Energy,27,"ICICI Pru Large Cap Fund, Nippon India Large Cap Fund, HDFC Large Cap Fund, Mirae Asset Large Cap Fund-Reg, Axis Large Cap Fund-Reg, Aditya Birla SL Large Cap Fund-, Canara Rob Large Cap Fund-Reg, Kotak Large Cap Fund, DSP Large Cap Fund-Reg, Motilal Oswal Large Cap Fund-Re, Sundaram Large Cap Fund-Reg, Tata Large Cap Fund-Reg, Baroda BNP Paribas Large Cap Fu, Bandhan Large Cap Fund-Reg, HSBC Large Cap Fund, Edelweiss Large Cap Fund-Reg, LIC MF Large Cap Fund-Reg, WOC Large Cap Fund-Reg, Parag Parikh Large Cap Fund-Reg, Mahindra Manulife Large Cap Fun, PGIM India Large Cap Fund, Union Largecap Fund-Reg, JM Large Cap Fund-Reg, ITI Large Cap Fund-Reg, Bank of India Large Cap Fund-Re, Groww Largecap Fund-Reg, Samco Large Cap Fund-Reg",NTPC.NS,347.2,10849495.0,2.2516457533455885e-12
Sun Pharmaceutical Industries Ltd.,Healthcare,26,"ICICI Pru Large Cap Fund, SBI Large Cap Fund-Reg, Nippon India Large Cap Fund, Mirae Asset Large Cap Fund-Reg, Axis Large Cap Fund-Reg, Aditya Birla SL Large Cap Fund-, Canara Rob Large Cap Fund-Reg, UTI Large Cap Fund-Reg, Kotak Large Cap Fund, Motilal Oswal Large Cap Fund-Re, Sundaram Large Cap Fund-Reg, Tata Large Cap Fund-Reg, Baroda BNP Paribas Large Cap Fu, Bandhan Large Cap Fund-Reg, HSBC Large Cap Fund, Bajaj Finserv Large Cap Fund-Re, Edelweiss Large Cap Fund-Reg, LIC MF Large Cap Fund-Reg, WOC Large Cap Fund-Reg, Parag Parikh Large Cap Fund-Reg, Mahindra Manulife Large Cap Fun, PGIM India Large Cap Fund, Union Largecap Fund-Reg, ITI Large Cap Fund-Reg, Groww Largecap Fund-Reg, Taurus Large Cap Fund-Reg",SUNPHARMA.NS,1941.1,3154042.0,1.652652797027838e-12
Ultratech Cement Ltd.,Construction,24,"ICICI Pru Large Cap Fund, SBI Large Cap Fund-Reg, Mirae Asset Large Cap Fund-Reg, Axis Large Cap Fund-Reg, Aditya Birla SL Large Cap Fund-, Canara Rob Large Cap Fund-Reg, UTI Large Cap Fund-Reg, Kotak Large Cap Fund, Franklin India Large Cap Fund, DSP Large Cap Fund-Reg, Sundaram Large Cap Fund-Reg, Baroda BNP Paribas Large Cap Fu, Bandhan Large Cap Fund-Reg, Invesco India Largecap Fund-Reg, HSBC Large Cap Fund, Edelweiss Large Cap Fund-Reg, LIC MF Large Cap Fund-Reg, Parag Parikh Large Cap Fund-Reg, PGIM India Large Cap Fund, Union Largecap Fund-Reg, JM Large Cap Fund-Reg, ITI Large Cap Fund-Reg, Bank of India Large Cap Fund-Re, Groww Largecap Fund-Reg",ULTRACEMCO.NS,11846.0,323394.0,3.4680560363708284e-12
Tech Mahindra Ltd.,Technology,23,"ICICI Pru Large Cap Fund, SBI Large Cap Fund-Reg, Nippon India Large Cap Fund, Axis Large Cap Fund-Reg, Aditya Birla SL Large Cap Fund-, Canara Rob Large Cap Fund-Reg, UTI Large Cap Fund-Reg, Kotak Large Cap Fund, Quant Large Cap Fund-Reg, Motilal Oswal Large Cap Fund-Re, Sundaram Large Cap Fund-Reg, Tata Large Cap Fund-Reg, Baroda BNP Paribas Large Cap Fu, Bandhan Large Cap Fund-Reg, Invesco India Largecap Fund-Reg, HSBC Large Cap Fund, Edelweiss Large Cap Fund-Reg, WOC Large Cap Fund-Reg, Parag Parikh Large Cap Fund-Reg, Mahindra Manulife Large Cap Fun, PGIM India Large Cap Fund, JM Large Cap Fund-Reg, Bank of India Large Cap Fund-Re",TECHM.NS,1559.5,2452336.0,4.954376343277463e-12
Bajaj Finance Ltd.,Financials,22,"Nippon India Large Cap Fund, Mirae Asset Large Cap Fund-Reg, Axis Large Cap Fund-Reg, Aditya Birla SL Large Cap Fund-, Canara Rob Large Cap Fund-Reg, UTI Large Cap Fund-Reg, Kotak Large Cap Fund, Motilal Oswal Large Cap Fund-Re, Tata Large Cap Fund-Reg, Baroda BNP Paribas Large Cap Fu, Invesco India Largecap Fund-Reg, HSBC Large Cap Fund, Bajaj Finserv Large Cap Fund-Re, Edelweiss Large Cap Fund-Reg, LIC MF Large Cap Fund-Reg, WOC Large Cap Fund-Reg, Parag Parikh Large Cap Fund-Reg, PGIM India Large Cap Fund, Union Largecap Fund-Reg, JM Large Cap Fund-Reg, ITI Large Cap Fund-Reg, Groww Largecap Fund-Reg",BAJFINANCE.NS,1012.8,8944174.0,1.6243798661541723e-12
Interglobe Aviation Ltd.,Travel,22,"ICICI Pru Large Cap Fund, SBI Large Cap Fund-Reg, HDFC Large Cap Fund, Mirae Asset Large Cap Fund-Reg, Axis Large Cap Fund-Reg, Canara Rob Large Cap Fund-Reg, UTI Large Cap Fund-Reg, Kotak Large Cap Fund, Franklin India Large Cap Fund, Motilal Oswal Large Cap Fund-Re, Sundaram Large Cap Fund-Reg, Tata Large Cap Fund-Reg, Invesco India Largecap Fund-Reg, HSBC Large Cap Fund, Bajaj Finserv Large Cap Fund-Re, Edelweiss Large Cap Fund-Reg, LIC MF Large Cap Fund-Reg, Parag Parikh Large Cap Fund-Reg, Mahindra Manulife Large Cap Fun, PGIM India Large Cap Fund, JM Large Cap Fund-Reg, ITI Large Cap Fund-Reg",INDIGO.NS,4985.0,1192944.0,2.846393328797059e-12
Maruti Suzuki India Ltd.,Automobile and Ancillaries,22,"ICICI Pru Large Cap Fund, Nippon India Large Cap Fund, HDFC Large Cap Fund, Mirae Asset Large Cap Fund-Reg, Aditya Birla SL Large Cap Fund-, Canara Rob Large Cap Fund-Reg, UTI Large Cap Fund-Reg, Kotak Large Cap Fund, Franklin India Large Cap Fund, DSP Large Cap Fund-Reg, Motilal Oswal Large Cap Fund-Re, Sundaram Large Cap Fund-Reg, Baroda BNP Paribas Large Cap Fu, Edelweiss Large Cap Fund-Reg, WOC Large Cap Fund-Reg, Parag Parikh Large Cap Fund-Reg, PGIM India Large Cap Fund, Union Largecap Fund-Reg, JM Large Cap Fund-Reg, ITI Large Cap Fund-Reg, Groww Largecap Fund-Reg, Taurus Large Cap Fund-Reg",MARUTI.NS,13442.0,452995.0,1.8311661815764663e-12
Trent Ltd.,Retail and Other Services,21,"ICICI Pru Large Cap Fund, Nippon India Large Cap Fund, Mirae Asset Large Cap Fund-Reg, Axis Large Cap Fund-Reg, Aditya Birla SL Large Cap Fund-, Canara Rob Large Cap Fund-Reg, UTI Large Cap Fund-Reg, Franklin India Large Cap Fund, DSP Large Cap Fund-Reg, Motilal Oswal Large Cap Fund-Re, Sundaram Large Cap Fund-Reg, Bandhan Large Cap Fund-Reg, Invesco India Largecap Fund-Reg, HSBC Large Cap Fund, Bajaj Finserv Large Cap Fund-Re, LIC MF Large Cap Fund-Reg, WOC Large Cap Fund-Reg, Parag Parikh Large Cap Fund-Reg, Mahindra Manulife Large Cap Fun, Union Largecap Fund-Reg, JM Large Cap Fund-Reg",TRENT.NS,2890.5,1411306.0,3.375137133816141e-12
Shriram Finance Ltd.,Financials,20,"Mirae Asset Large Cap Fund-Reg, Axis Large Cap Fund-Reg, Aditya Birla SL Large Cap Fund-, Canara Rob Large Cap Fund-Reg, Kotak Large Cap Fund, Baroda BNP Paribas Large Cap Fu, Bandhan Large Cap Fund-Reg, Invesco India Largecap Fund-Reg, HSBC Large Cap Fund, Bajaj Finserv Large Cap Fund-Re, LIC MF Large Cap Fund-Reg, Parag Parikh Large Cap Fund-Reg, Mahindra Manulife Large Cap Fun, PGIM India Large Cap Fund, Union Largecap Fund-Reg, JM Large Cap Fund-Reg, ITI Large Cap Fund-Reg, Bank of India Large Cap Fund-Re, Groww Largecap Fund-Reg, Samco Large Cap Fund-Reg",SHRIRAMFIN.NS,1005.1,5778742.0,2.6229021684584854e-12
Tata Steel Ltd.,Metals,20,"ICICI Pru Large Cap Fund, SBI Large Cap Fund-Reg, Nippon India Large Cap Fund, Mirae Asset Large Cap Fund-Reg, Axis Large Cap Fund-Reg, Canara Rob Large Cap Fund-Reg, UTI Large Cap Fund-Reg, Kotak Large Cap Fund, Invesco India Largecap Fund-Reg, Bajaj Finserv Large Cap Fund-Re, Edelweiss Large Cap Fund-Reg, LIC MF Large Cap Fund-Reg, WOC Large Cap Fund-Reg, Parag Parikh Large Cap Fund-Reg, PGIM India Large Cap Fund, Union Largecap Fund-Reg, JM Large Cap Fund-Reg, Bank of India Large Cap Fund-Re, Groww Largecap Fund-Reg, Samco Large Cap Fund-Reg",TATASTEEL.NS,182.67,27833337.0,1.8271358476279157e-12
SBI Life Insurance Company Ltd.,Financials,19,"ICICI Pru Large Cap Fund, Nippon India Large Cap Fund, HDFC Large Cap Fund, Mirae Asset Large Cap Fund-Reg, Aditya Birla SL Large Cap Fund-, Canara Rob Large Cap Fund-Reg, UTI Large Cap Fund-Reg, Franklin India Large Cap Fund, DSP Large Cap Fund-Reg, Motilal Oswal Large Cap Fund-Re, Sundaram Large Cap Fund-Reg, Bandhan Large Cap Fund-Reg, HSBC Large Cap Fund, LIC MF Large Cap Fund-Reg, Parag Parikh Large Cap Fund-Reg, Union Largecap Fund-Reg, ITI Large Cap Fund-Reg, Bank of India Large Cap Fund-Re, Groww Largecap Fund-Reg",SBILIFE.NS,1858.6,1038795.0,6.074501899056283e-12
Hindustan Unilever Ltd.,FMCG,18,"ICICI Pru Large Cap Fund, SBI Large Cap Fund-Reg, Nippon India Large Cap Fund, Mirae Asset Large Cap Fund-Reg, Aditya Birla SL Large Cap Fund-, Canara Rob Large Cap Fund-Reg, Kotak Large Cap Fund, Franklin India Large Cap Fund, Tata Large Cap Fund-Reg, Baroda BNP Paribas Large Cap Fu, Bandhan Large Cap Fund-Reg, Edelweiss Large Cap Fund-Reg, LIC MF Large Cap Fund-Reg, Parag Parikh Large Cap Fund-Reg, Mahindra Manulife Large Cap Fun, Bank of India Large Cap Fund-Re, Groww Largecap Fund-Reg, Taurus Large Cap Fund-Reg",HINDUNILVR.NS,2145.0,1764982.0,2.9831520235061044e-12
Torrent Pharmaceuticals Ltd.,Healthcare,18,"HDFC Large Cap Fund, Mirae Asset Large Cap Fund-Reg, Axis Large Cap Fund-Reg, Canara Rob Large Cap Fund-Reg, Kotak Large Cap Fund, Franklin India Large Cap Fund, Baroda BNP Paribas Large Cap Fu, Bandhan Large Cap Fund-Reg, Invesco India Largecap Fund-Reg, Bajaj Finserv Large Cap Fund-Re, Edelweiss Large Cap Fund-Reg, WOC Large Cap Fund-Reg, Parag Parikh Large Cap Fund-Reg, PGIM India Large Cap Fund, Union Largecap Fund-Reg, JM Large Cap Fund-Reg, Groww Largecap Fund-Reg, Samco Large Cap Fund-Reg",TORNTPHARM.NS,4961.5,557923.0,6.564758985599613e-12
Samvardhana Motherson International Ltd.,Automobile and Ancillaries,18,"SBI Large Cap Fund-Reg, Nippon India Large Cap Fund, Axis Large Cap Fund-Reg, Aditya Birla SL Large Cap Fund-, Canara Rob Large Cap Fund-Reg, UTI Large Cap Fund-Reg, Kotak Large Cap Fund, Quant Large Cap Fund-Reg, Motilal Oswal Large Cap Fund-Re, Tata Large Cap Fund-Reg, Invesco India Largecap Fund-Reg, Bajaj Finserv Large Cap Fund-Re, Edelweiss Large Cap Fund-Reg, Parag Parikh Large Cap Fund-Reg, PGIM India Large Cap Fund, Bank of India Large Cap Fund-Re, Groww Largecap Fund-Reg, Samco Large Cap Fund-Reg",MOTHERSON.NS,145.55,21161079.0,5.402887813312798e-12
Divi's Laboratories Ltd.,Healthcare,18,"SBI Large Cap Fund-Reg, Nippon India Large Cap Fund, Axis Large Cap Fund-Reg, Canara Rob Large Cap Fund-Reg, Franklin India Large Cap Fund, Baroda BNP Paribas Large Cap Fu, Bandhan Large Cap Fund-Reg, Invesco India Largecap Fund-Reg, HSBC Large Cap Fund, Bajaj Finserv Large Cap Fund-Re, LIC MF Large Cap Fund-Reg, Parag Parikh Large Cap Fund-Reg, Mahindra Manulife Large Cap Fun, PGIM India Large Cap Fund, Union Largecap Fund-Reg, JM Large Cap Fund-Reg, ITI Large Cap Fund-Reg, Taurus Large Cap Fund-Reg",DIVISLAB.NS,7248.5,363756.0,4.2268405721214564e-12
ITC Ltd.,FMCG,17,"ICICI Pru Large Cap Fund, Nippon India Large Cap Fund, Mirae Asset Large Cap Fund-Reg, Canara Rob Large Cap Fund-Reg, UTI Large Cap Fund-Reg, Kotak Large Cap Fund, DSP Large Cap Fund-Reg, Motilal Oswal Large Cap Fund-Re, Baroda BNP Paribas Large Cap Fu, Bandhan Large Cap Fund-Reg, Edelweiss Large Cap Fund-Reg, LIC MF Large Cap Fund-Reg, Parag Parikh Large Cap Fund-Reg, PGIM India Large Cap Fund, Union Largecap Fund-Reg, Bank of India Large Cap Fund-Re, Taurus Large Cap Fund-Reg",ITC.NS,283.45,15723574.0,1.643743390717502e-12
Cholamandalam Investment and Finance Company Ltd.,Financials,17,"SBI Large Cap Fund-Reg, Nippon India Large Cap Fund, HDFC Large Cap Fund, Axis Large Cap Fund-Reg, Aditya Birla SL Large Cap Fund-, Canara Rob Large Cap Fund-Reg, Franklin India Large Cap Fund, Sundaram Large Cap Fund-Reg, Bandhan Large Cap Fund-Reg, Invesco India Largecap Fund-Reg, Edelweiss Large Cap Fund-Reg, WOC Large Cap Fund-Reg, Parag Parikh Large Cap Fund-Reg, PGIM India Large Cap Fund, Union Largecap Fund-Reg, ITI Large Cap Fund-Reg, Groww Largecap Fund-Reg",CHOLAFIN.NS,1724.4,1671082.0,6.388517775280964e-12
Bharat Electronics Ltd.,Capital Goods,17,"Mirae Asset Large Cap Fund-Reg, Axis Large Cap Fund-Reg, Canara Rob Large Cap Fund-Reg, Kotak Large Cap Fund, Baroda BNP Paribas Large Cap Fu, Bandhan Large Cap Fund-Reg, Invesco India Largecap Fund-Reg, Edelweiss Large Cap Fund-Reg, LIC MF Large Cap Fund-Reg, WOC Large Cap Fund-Reg, Parag Parikh Large Cap Fund-Reg, PGIM India Large Cap Fund, Union Largecap Fund-Reg, JM Large Cap Fund-Reg, ITI Large Cap Fund-Reg, Bank of India Large Cap Fund-Re, Groww Largecap Fund-Reg",BEL.NS,405.0,11508330.0,2.119547230808934e-12
Tata Consultancy Services Ltd.,Technology,16,"Nippon India Large Cap Fund, Mirae Asset Large Cap Fund-Reg, Axis Large Cap Fund-Reg, Canara Rob Large Cap Fund-Reg, UTI Large Cap Fund-Reg, Motilal Oswal Large Cap Fund-Re, Tata Large Cap Fund-Reg, Baroda BNP Paribas Large Cap Fu, Bandhan Large Cap Fund-Reg, Edelweiss Large Cap Fund-Reg, WOC Large Cap Fund-Reg, Parag Parikh Large Cap Fund-Reg, Mahindra Manulife Large Cap Fun, PGIM India Large Cap Fund, Union Largecap Fund-Reg, Groww Largecap Fund-Reg",TCS.NS,2254.3,4795561.0,1.2922896364741683e-12
Apollo Hospitals Enterprise Ltd.,Healthcare,16,"ICICI Pru Large Cap Fund, Mirae Asset Large Cap Fund-Reg, Axis Large Cap Fund-Reg, Aditya Birla SL Large Cap Fund-, Kotak Large Cap Fund, Franklin India Large Cap Fund, HSBC Large Cap Fund, Bajaj Finserv Large Cap Fund-Re, Edelweiss Large Cap Fund-Reg, LIC MF Large Cap Fund-Reg, Parag Parikh Large Cap Fund-Reg, Union Largecap Fund-Reg, JM Large Cap Fund-Reg, ITI Large Cap Fund-Reg, Bank of India Large Cap Fund-Re, Samco Large Cap Fund-Reg",APOLLO.NS,394.3,20491964.0,5.187169817507605e-12
Varun Beverages Ltd.,FMCG,16,"SBI Large Cap Fund-Reg, Nippon India Large Cap Fund, Mirae Asset Large Cap Fund-Reg, Axis Large Cap Fund-Reg, Aditya Birla SL Large Cap Fund-, Canara Rob Large Cap Fund-Reg, UTI Large Cap Fund-Reg, Quant Large Cap Fund-Reg, Motilal Oswal Large Cap Fund-Re, Baroda BNP Paribas Large Cap Fu, Bandhan Large Cap Fund-Reg, HSBC Large Cap Fund, WOC Large Cap Fund-Reg, Parag Parikh Large Cap Fund-Reg, PGIM India Large Cap Fund, ITI Large Cap Fund-Reg",VBL.NS,457.2,6149622.0,4.159459091014836e-12
Max Healthcare Institute Ltd.,Healthcare,16,"ICICI Pru Large Cap Fund, HDFC Large Cap Fund, Axis Large Cap Fund-Reg, Canara Rob Large Cap Fund-Reg, UTI Large Cap Fund-Reg, Franklin India Large Cap Fund, Quant Large Cap Fund-Reg, Bandhan Large Cap Fund-Reg, Invesco India Largecap Fund-Reg, HSBC Large Cap Fund, WOC Large Cap Fund-Reg, Parag Parikh Large Cap Fund-Reg, Mahindra Manulife Large Cap Fun, PGIM India Large Cap Fund, Union Largecap Fund-Reg, Groww Largecap Fund-Reg",MAXHEALTH.NS,1080.4,2407095.0,5.320074819882334e-12
TVS Motor Company Ltd.,Automobile and Ancillaries,16,"ICICI Pru Large Cap Fund, Axis Large Cap Fund-Reg, Aditya Birla SL Large Cap Fund-, Canara Rob Large Cap Fund-Reg, Sundaram Large Cap Fund-Reg, Bandhan Large Cap Fund-Reg, HSBC Large Cap Fund, Bajaj Finserv Large Cap Fund-Re, Edelweiss Large Cap Fund-Reg, Parag Parikh Large Cap Fund-Reg, Mahindra Manulife Large Cap Fun, PGIM India Large Cap Fund, Union Largecap Fund-Reg, JM Large Cap Fund-Reg, ITI Large Cap Fund-Reg, Taurus Large Cap Fund-Reg",TVSMOTOR.NS,3870.2,1106228.0,3.752382299499332e-12
Cummins India Ltd.,Automobile and Ancillaries,15,"ICICI Pru Large Cap Fund, HDFC Large Cap Fund, Axis Large Cap Fund-Reg, Aditya Birla SL Large Cap Fund-, Kotak Large Cap Fund, Sundaram Large Cap Fund-Reg, Bandhan Large Cap Fund-Reg, Edelweiss Large Cap Fund-Reg, WOC Large Cap Fund-Reg, Parag Parikh Large Cap Fund-Reg, PGIM India Large Cap Fund, JM Large Cap Fund-Reg, ITI Large Cap Fund-Reg, Groww Largecap Fund-Reg, Samco Large Cap Fund-Reg",CUMMINSIND.NS,5600.5,458334.0,5.088089282401417e-12
Avenue Supermarts Ltd.,Retail and Other Services,15,"ICICI Pru Large Cap Fund, SBI Large Cap Fund-Reg, Nippon India Large Cap Fund, Mirae Asset Large Cap Fund-Reg, Axis Large Cap Fund-Reg, Aditya Birla SL Large Cap Fund-, UTI Large Cap Fund-Reg, Sundaram Large Cap Fund-Reg, Bandhan Large Cap Fund-Reg, Invesco India Largecap Fund-Reg, Edelweiss Large Cap Fund-Reg, Parag Parikh Large Cap Fund-Reg, Mahindra Manulife Large Cap Fun, JM Large Cap Fund-Reg, Groww Largecap Fund-Reg",DMART.NS,4018.8,518141.0,5.388207695955981e-12
HDFC Life Insurance Company Ltd.,Financials,15,"ICICI Pru Large Cap Fund, SBI Large Cap Fund-Reg, Nippon India Large Cap Fund, Mirae Asset Large Cap Fund-Reg, Aditya Birla SL Large Cap Fund-, UTI Large Cap Fund-Reg, Kotak Large Cap Fund, Franklin India Large Cap Fund, DSP Large Cap Fund-Reg, Baroda BNP Paribas Large Cap Fu, Edelweiss Large Cap Fund-Reg, Parag Parikh Large Cap Fund-Reg, Mahindra Manulife Large Cap Fun, PGIM India Large Cap Fund, JM Large Cap Fund-Reg",HDFCLIFE.NS,555.05,4097275.0,6.4998598899962676e-12
Hindalco Industries Ltd.,Metals,15,"ICICI Pru Large Cap Fund, HDFC Large Cap Fund, Aditya Birla SL Large Cap Fund-, Kotak Large Cap Fund, Franklin India Large Cap Fund, Invesco India Largecap Fund-Reg, Edelweiss Large Cap Fund-Reg, WOC Large Cap Fund-Reg, Parag Parikh Large Cap Fund-Reg, PGIM India Large Cap Fund, Union Largecap Fund-Reg, JM Large Cap Fund-Reg, ITI Large Cap Fund-Reg, Groww Largecap Fund-Reg, Samco Large Cap Fund-Reg",HINDALCO.NS,942.8,5589623.0,2.3717223975257833e-12
Eicher Motors Ltd.,Automobile and Ancillaries,14,"ICICI Pru Large Cap Fund, HDFC Large Cap Fund, Mirae Asset Large Cap Fund-Reg, Sundaram Large Cap Fund-Reg, Baroda BNP Paribas Large Cap Fu, Bandhan Large Cap Fund-Reg, Invesco India Largecap Fund-Reg, Edelweiss Large Cap Fund-Reg, LIC MF Large Cap Fund-Reg, WOC Large Cap Fund-Reg, Parag Parikh Large Cap Fund-Reg, Mahindra Manulife Large Cap Fun, PGIM India Large Cap Fund, Samco Large Cap Fund-Reg",EICHERMOT.NS,7628.0,547881.0,2.772880464712618e-12
Britannia Industries Ltd.,FMCG,14,"ICICI Pru Large Cap Fund, SBI Large Cap Fund-Reg, Mirae Asset Large Cap Fund-Reg, Axis Large Cap Fund-Reg, Aditya Birla SL Large Cap Fund-, Canara Rob Large Cap Fund-Reg, Kotak Large Cap Fund, Tata Large Cap Fund-Reg, Parag Parikh Large Cap Fund-Reg, Mahindra Manulife Large Cap Fun, PGIM India Large Cap Fund, JM Large Cap Fund-Reg, ITI Large Cap Fund-Reg, Bank of India Large Cap Fund-Re",BRITANNIA.NS,5379.5,363291.0,4.879418557614876e-12
United Spirits Ltd.,FMCG,14,"ICICI Pru Large Cap Fund, Nippon India Large Cap Fund, HDFC Large Cap Fund, Axis Large Cap Fund-Reg, Aditya Birla SL Large Cap Fund-, Canara Rob Large Cap Fund-Reg, Kotak Large Cap Fund, Franklin India Large Cap Fund, DSP Large Cap Fund-Reg, Baroda BNP Paribas Large Cap Fu, HSBC Large Cap Fund, Parag Parikh Large Cap Fund-Reg, PGIM India Large Cap Fund, JM Large Cap Fund-Reg",UNITDSPR.NS,1467.2,945725.0,1.0474056494727596e-11
Adani Ports and Special Economic Zone Ltd.,Infrastructure,14,"SBI Large Cap Fund-Reg, HDFC Large Cap Fund, Mirae Asset Large Cap Fund-Reg, UTI Large Cap Fund-Reg, Tata Large Cap Fund-Reg, Bandhan Large Cap Fund-Reg, Bajaj Finserv Large Cap Fund-Re, Parag Parikh Large Cap Fund-Reg, Union Largecap Fund-Reg, JM Large Cap Fund-Reg, ITI Large Cap Fund-Reg, Bank of India Large Cap Fund-Re, Groww Largecap Fund-Reg, Samco Large Cap Fund-Reg",ADANIPORTS.NS,1768.3,2339387.0,2.9949269705679238e-12
Asian Paints Ltd.,Chemicals,14,"ICICI Pru Large Cap Fund, SBI Large Cap Fund-Reg, Mirae Asset Large Cap Fund-Reg, Canara Rob Large Cap Fund-Reg, UTI Large Cap Fund-Reg, Franklin India Large Cap Fund, DSP Large Cap Fund-Reg, Bandhan Large Cap Fund-Reg, Invesco India Largecap Fund-Reg, Bajaj Finserv Large Cap Fund-Re, Edelweiss Large Cap Fund-Reg, WOC Large Cap Fund-Reg, Parag Parikh Large Cap Fund-Reg, PGIM India Large Cap Fund",ASIANPAINT.NS,2637.9,1119799.0,3.2558886498302444e-12
The Indian Hotels Company Ltd.,Travel,14,"ICICI Pru Large Cap Fund, Nippon India Large Cap Fund, Mirae Asset Large Cap Fund-Reg, Axis Large Cap Fund-Reg, Canara Rob Large Cap Fund-Reg, Sundaram Large Cap Fund-Reg, Tata Large Cap Fund-Reg, Bandhan Large Cap Fund-Reg, Bajaj Finserv Large Cap Fund-Re, LIC MF Large Cap Fund-Reg, Parag Parikh Large Cap Fund-Reg, JM Large Cap Fund-Reg, ITI Large Cap Fund-Reg, Taurus Large Cap Fund-Reg",INDHOTEL.NS,727.45,2456271.0,8.051005765259703e-12
DLF Ltd.,Construction,14,"ICICI Pru Large Cap Fund, Nippon India Large Cap Fund, HDFC Large Cap Fund, Mirae Asset Large Cap Fund-Reg, Aditya Birla SL Large Cap Fund-, UTI Large Cap Fund-Reg, DSP Large Cap Fund-Reg, Motilal Oswal Large Cap Fund-Re, Invesco India Largecap Fund-Reg, Bajaj Finserv Large Cap Fund-Re, Parag Parikh Large Cap Fund-Reg, ITI Large Cap Fund-Reg, Groww Largecap Fund-Reg, Taurus Large Cap Fund-Reg",DLF.NS,645.2,4086338.0,7.417712175497588e-12
ICICI Prudential Asset Management Company Ltd.,Financials,13,"SBI Large Cap Fund-Reg, HDFC Large Cap Fund, Axis Large Cap Fund-Reg, Canara Rob Large Cap Fund-Reg, DSP Large Cap Fund-Reg, Motilal Oswal Large Cap Fund-Re, Tata Large Cap Fund-Reg, Invesco India Largecap Fund-Reg, Edelweiss Large Cap Fund-Reg, WOC Large Cap Fund-Reg, PGIM India Large Cap Fund, Union Largecap Fund-Reg, Bank of India Large Cap Fund-Re",ICICIPRULI.NS,500.55,1763141.0,2.0347869359454043e-11
CG Power and Industrial Solutions Ltd.,Capital Goods,13,"HDFC Large Cap Fund, Axis Large Cap Fund-Reg, Aditya Birla SL Large Cap Fund-, Canara Rob Large Cap Fund-Reg, Motilal Oswal Large Cap Fund-Re, Invesco India Largecap Fund-Reg, Edelweiss Large Cap Fund-Reg, WOC Large Cap Fund-Reg, Parag Parikh Large Cap Fund-Reg, PGIM India Large Cap Fund, Union Largecap Fund-Reg, JM Large Cap Fund-Reg, Samco Large Cap Fund-Reg",CGPOWER.NS,867.7,4295028.0,4.537385773821254e-12
Vedanta Aluminium Metal Ltd.,Metals,13,"ICICI Pru Large Cap Fund, SBI Large Cap Fund-Reg, Nippon India Large Cap Fund, Mirae Asset Large Cap Fund-Reg, Aditya Birla SL Large Cap Fund-, UTI Large Cap Fund-Reg, Motilal Oswal Large Cap Fund-Re, Baroda BNP Paribas Large Cap Fu, Bandhan Large Cap Fund-Reg, Bajaj Finserv Large Cap Fund-Re, WOC Large Cap Fund-Reg, Parag Parikh Large Cap Fund-Reg, Bank of India Large Cap Fund-Re",VEDL.NS,264.65,28373263.0,3.181945908503695e-12
Tata Motors Ltd.,Automobile and Ancillaries,12,"ICICI Pru Large Cap Fund, SBI Large Cap Fund-Reg, HDFC Large Cap Fund, Canara Rob Large Cap Fund-Reg, Franklin India Large Cap Fund, DSP Large Cap Fund-Reg, Baroda BNP Paribas Large Cap Fu, HSBC Large Cap Fund, LIC MF Large Cap Fund-Reg, Parag Parikh Large Cap Fund-Reg, Union Largecap Fund-Reg, Bank of India Large Cap Fund-Re",TATAMOTORS.NS,,,
Bajaj Auto Ltd.,Automobile and Ancillaries,12,"ICICI Pru Large Cap Fund, HDFC Large Cap Fund, Aditya Birla SL Large Cap Fund-, Canara Rob Large Cap Fund-Reg, UTI Large Cap Fund-Reg, Bandhan Large Cap Fund-Reg, Bajaj Finserv Large Cap Fund-Re, Parag Parikh Large Cap Fund-Reg, JM Large Cap Fund-Reg, Bank of India Large Cap Fund-Re, Groww Largecap Fund-Reg, Samco Large Cap Fund-Reg",BAJAJ-AUTO.NS,11130.0,422832.0,3.058766419471021e-12
ABB India Ltd.,Capital Goods,12,"ICICI Pru Large Cap Fund, Nippon India Large Cap Fund, Mirae Asset Large Cap Fund-Reg, Franklin India Large Cap Fund, Tata Large Cap Fund-Reg, Invesco India Largecap Fund-Reg, Bajaj Finserv Large Cap Fund-Re, Edelweiss Large Cap Fund-Reg, Parag Parikh Large Cap Fund-Reg, ITI Large Cap Fund-Reg, Samco Large Cap Fund-Reg, Taurus Large Cap Fund-Reg",ABB.NS,7375.5,395053.0,5.8273221100187836e-12
Hindustan Aeronautics Ltd.,Capital Goods,11,"ICICI Pru Large Cap Fund, Nippon India Large Cap Fund, Aditya Birla SL Large Cap Fund-, Canara Rob Large Cap Fund-Reg, UTI Large Cap Fund-Reg, DSP Large Cap Fund-Reg, Invesco India Largecap Fund-Reg, Parag Parikh Large Cap Fund-Reg, Mahindra Manulife Large Cap Fun, ITI Large Cap Fund-Reg, Bank of India Large Cap Fund-Re",HAL.NS,4573.4,982980.0,2.4540831590104067e-12
Solar Industries India Ltd.,Chemicals,11,"Mirae Asset Large Cap Fund-Reg, Axis Large Cap Fund-Reg, Kotak Large Cap Fund, Tata Large Cap Fund-Reg, Edelweiss Large Cap Fund-Reg, WOC Large Cap Fund-Reg, Parag Parikh Large Cap Fund-Reg, PGIM India Large Cap Fund, Union Largecap Fund-Reg, Bank of India Large Cap Fund-Re, Samco Large Cap Fund-Reg",SOLARINDS.NS,18494.0,158053.0,5.95092378670803e-12
Tata Consumer Products Ltd.,FMCG,11,"Nippon India Large Cap Fund, HDFC Large Cap Fund, Axis Large Cap Fund-Reg, Canara Rob Large Cap Fund-Reg, UTI Large Cap Fund-Reg, Franklin India Large Cap Fund, Sundaram Large Cap Fund-Reg, WOC Large Cap Fund-Reg, Parag Parikh Large Cap Fund-Reg, Union Largecap Fund-Reg, JM Large Cap Fund-Reg",TATACONSUM.NS,1088.0,1977053.0,5.546823199208144e-12
LG Electronics India Ltd.,Consumer Durables,11,"Axis Large Cap Fund-Reg, UTI Large Cap Fund-Reg, Kotak Large Cap Fund, Franklin India Large Cap Fund, Quant Large Cap Fund-Reg, Sundaram Large Cap Fund-Reg, Baroda BNP Paribas Large Cap Fu, HSBC Large Cap Fund, Bajaj Finserv Large Cap Fund-Re, PGIM India Large Cap Fund, Union Largecap Fund-Reg",,,,
Tata Power Company Ltd.,Energy,11,"ICICI Pru Large Cap Fund, Nippon India Large Cap Fund, Canara Rob Large Cap Fund-Reg, Franklin India Large Cap Fund, Baroda BNP Paribas Large Cap Fu, Bandhan Large Cap Fund-Reg, Edelweiss Large Cap Fund-Reg, Parag Parikh Large Cap Fund-Reg, Mahindra Manulife Large Cap Fun, ITI Large Cap Fund-Reg, Taurus Large Cap Fund-Reg",TATAPOWER.NS,374.4,5477357.0,4.605711924213067e-12
Mankind Pharma Ltd.,Healthcare,10,"SBI Large Cap Fund-Reg, Nippon India Large Cap Fund, HDFC Large Cap Fund, Aditya Birla SL Large Cap Fund-, Canara Rob Large Cap Fund-Reg, UTI Large Cap Fund-Reg, Tata Large Cap Fund-Reg, HSBC Large Cap Fund, PGIM India Large Cap Fund, Bank of India Large Cap Fund-Re",MANKIND.NS,2507.2,555607.0,1.1645491674591787e-11
Grasim Industries Ltd.,Diversified,10,"ICICI Pru Large Cap Fund, Axis Large Cap Fund-Reg, Motilal Oswal Large Cap Fund-Re, Bandhan Large Cap Fund-Reg, Bajaj Finserv Large Cap Fund-Re, Edelweiss Large Cap Fund-Reg, LIC MF Large Cap Fund-Reg, Parag Parikh Large Cap Fund-Reg, Mahindra Manulife Large Cap Fun, Taurus Large Cap Fund-Reg",GRASIM.NS,3089.4,769011.0,4.459424616179875e-12
Bharat Petroleum Corporation Ltd.,Energy,10,"ICICI Pru Large Cap Fund, Mirae Asset Large Cap Fund-Reg, Aditya Birla SL Large Cap Fund-, UTI Large Cap Fund-Reg, Kotak Large Cap Fund, DSP Large Cap Fund-Reg, Sundaram Large Cap Fund-Reg, Tata Large Cap Fund-Reg, Edelweiss Large Cap Fund-Reg, Parag Parikh Large Cap Fund-Reg",BPCL.NS,310.15,9097239.0,5.340034481247989e-12
JSW Steel Ltd.,Metals,10,"SBI Large Cap Fund-Reg, Tata Large Cap Fund-Reg, Baroda BNP Paribas Large Cap Fu, Bandhan Large Cap Fund-Reg, Parag Parikh Large Cap Fund-Reg, PGIM India Large Cap Fund, Union Largecap Fund-Reg, ITI Large Cap Fund-Reg, Bank of India Large Cap Fund-Re, Samco Large Cap Fund-Reg",JSWSTEEL.NS,1240.8,1653570.0,4.910569194203969e-12
Power Grid Corporation Of India Ltd.,Energy,10,"ICICI Pru Large Cap Fund, UTI Large Cap Fund-Reg, Motilal Oswal Large Cap Fund-Re, Tata Large Cap Fund-Reg, Baroda BNP Paribas Large Cap Fu, Edelweiss Large Cap Fund-Reg, Parag Parikh Large Cap Fund-Reg, PGIM India Large Cap Fund, Bank of India Large Cap Fund-Re, Taurus Large Cap Fund-Reg",POWERGRID.NS,288.2,10393857.0,2.9681620527673664e-12
Persistent Systems Ltd.,Technology,9,"Aditya Birla SL Large Cap Fund-, Kotak Large Cap Fund, Baroda BNP Paribas Large Cap Fu, Edelweiss Large Cap Fund-Reg, LIC MF Large Cap Fund-Reg, WOC Large Cap Fund-Reg, PGIM India Large Cap Fund, Union Largecap Fund-Reg, Taurus Large Cap Fund-Reg",PERSISTENT.NS,5200.5,733431.0,5.462800938149249e-12
TVS Motors Ltd. - (Prefernece Shares),Unknown Sector,9,"ICICI Pru Large Cap Fund, Aditya Birla SL Large Cap Fund-, Canara Rob Large Cap Fund-Reg, Edelweiss Large Cap Fund-Reg, Mahindra Manulife Large Cap Fun, PGIM India Large Cap Fund, Union Largecap Fund-Reg, ITI Large Cap Fund-Reg, Samco Large Cap Fund-Reg",TVSMOTOR.NS,3870.2,1106228.0,3.752382299499332e-12
Bajaj Finserv Ltd.,Financials,9,"ICICI Pru Large Cap Fund, HDFC Large Cap Fund, Aditya Birla SL Large Cap Fund-, Franklin India Large Cap Fund, Baroda BNP Paribas Large Cap Fu, Bandhan Large Cap Fund-Reg, WOC Large Cap Fund-Reg, Parag Parikh Large Cap Fund-Reg, Mahindra Manulife Large Cap Fun",BAJAJFINSV.NS,1876.7,1102205.0,6.793977951156996e-12
Cipla Ltd.,Healthcare,9,"ICICI Pru Large Cap Fund, SBI Large Cap Fund-Reg, Nippon India Large Cap Fund, Mirae Asset Large Cap Fund-Reg, Axis Large Cap Fund-Reg, DSP Large Cap Fund-Reg, Tata Large Cap Fund-Reg, WOC Large Cap Fund-Reg, Parag Parikh Large Cap Fund-Reg",CIPLA.NS,1410.6,1741395.0,4.699630281195467e-12
Dr. Reddy's Laboratories Ltd.,Healthcare,9,"ICICI Pru Large Cap Fund, Nippon India Large Cap Fund, Mirae Asset Large Cap Fund-Reg, Canara Rob Large Cap Fund-Reg, UTI Large Cap Fund-Reg, Parag Parikh Large Cap Fund-Reg, Mahindra Manulife Large Cap Fun, JM Large Cap Fund-Reg, Bank of India Large Cap Fund-Re",DRREDDY.NS,1151.7,2376228.0,4.232896370326618e-12
HCL Technologies Ltd.,Technology,9,"ICICI Pru Large Cap Fund, Nippon India Large Cap Fund, Aditya Birla SL Large Cap Fund-, UTI Large Cap Fund-Reg, Franklin India Large Cap Fund, Sundaram Large Cap Fund-Reg, HSBC Large Cap Fund, Parag Parikh Large Cap Fund-Reg, Taurus Large Cap Fund-Reg",HCLTECH.NS,1271.0,4053986.0,3.0520946492829403e-12
Hyundai Motor India Ltd.,Automobile and Ancillaries,9,"ICICI Pru Large Cap Fund, Nippon India Large Cap Fund, HDFC Large Cap Fund, Axis Large Cap Fund-Reg, UTI Large Cap Fund-Reg, DSP Large Cap Fund-Reg, Quant Large Cap Fund-Reg, Tata Large Cap Fund-Reg, Parag Parikh Large Cap Fund-Reg",HYUNDAI.NS,1952.6,1205743.0,8.848174619053601e-12
Oil & Natural Gas Corporation Ltd.,Energy,9,"ICICI Pru Large Cap Fund, Mirae Asset Large Cap Fund-Reg, UTI Large Cap Fund-Reg, Franklin India Large Cap Fund, DSP Large Cap Fund-Reg, Quant Large Cap Fund-Reg, Edelweiss Large Cap Fund-Reg, WOC Large Cap Fund-Reg, Parag Parikh Large Cap Fund-Reg",OIL.NS,449.75,4742074.0,7.62292878003433e-12
Power Finance Corporation Ltd.,Financials,9,"Mirae Asset Large Cap Fund-Reg, Kotak Large Cap Fund, DSP Large Cap Fund-Reg, Motilal Oswal Large Cap Fund-Re, WOC Large Cap Fund-Reg, Parag Parikh Large Cap Fund-Reg, PGIM India Large Cap Fund, Bank of India Large Cap Fund-Re, Taurus Large Cap Fund-Reg",PFC.NS,411.9,5950467.0,5.155923306071414e-12
Swiggy Ltd.,Retail and Other Services,9,"ICICI Pru Large Cap Fund, Nippon India Large Cap Fund, HDFC Large Cap Fund, Mirae Asset Large Cap Fund-Reg, Kotak Large Cap Fund, Franklin India Large Cap Fund, Sundaram Large Cap Fund-Reg, HSBC Large Cap Fund, ITI Large Cap Fund-Reg",SWIGGY.NS,251.42,13071943.0,6.359431151681992e-12
Nestle India Ltd.,FMCG,8,"Tata Large Cap Fund-Reg, Baroda BNP Paribas Large Cap Fu, Bajaj Finserv Large Cap Fund-Re, Edelweiss Large Cap Fund-Reg, WOC Large Cap Fund-Reg, Parag Parikh Large Cap Fund-Reg, Mahindra Manulife Large Cap Fun, PGIM India Large Cap Fund",NESTLEIND.NS,1443.5,2022712.0,3.452128441672287e-12
Coforge Ltd.,Technology,8,"Bandhan Large Cap Fund-Reg, Invesco India Largecap Fund-Reg, Edelweiss Large Cap Fund-Reg, LIC MF Large Cap Fund-Reg, WOC Large Cap Fund-Reg, JM Large Cap Fund-Reg, Bank of India Large Cap Fund-Re, Groww Largecap Fund-Reg",COFORGE.NS,1484.7,3618539.0,4.630936981065087e-12
Tata Motors Passenger Vehicles Ltd.,Automobile and Ancillaries,8,"ICICI Pru Large Cap Fund, HDFC Large Cap Fund, UTI Large Cap Fund-Reg, Kotak Large Cap Fund, LIC MF Large Cap Fund-Reg, Parag Parikh Large Cap Fund-Reg, Mahindra Manulife Large Cap Fun, Groww Largecap Fund-Reg",TATAMOTORS.NS,,,
Vishal Mega Mart Ltd.,Retail and Other Services,8,"Nippon India Large Cap Fund, HDFC Large Cap Fund, Canara Rob Large Cap Fund-Reg, Kotak Large Cap Fund, Franklin India Large Cap Fund, Bandhan Large Cap Fund-Reg, Invesco India Largecap Fund-Reg, PGIM India Large Cap Fund",,,,
Ambuja Cements Ltd.,Construction,8,"HDFC Large Cap Fund, Mirae Asset Large Cap Fund-Reg, Aditya Birla SL Large Cap Fund-, Tata Large Cap Fund-Reg, WOC Large Cap Fund-Reg, Parag Parikh Large Cap Fund-Reg, ITI Large Cap Fund-Reg, Groww Largecap Fund-Reg",AMBUJACEM.NS,425.15,3149600.0,1.1744230259670102e-11
Pidilite Industries Ltd.,Chemicals,8,"Mirae Asset Large Cap Fund-Reg, Axis Large Cap Fund-Reg, Bandhan Large Cap Fund-Reg, LIC MF Large Cap Fund-Reg, WOC Large Cap Fund-Reg, Parag Parikh Large Cap Fund-Reg, Mahindra Manulife Large Cap Fun, Bank of India Large Cap Fund-Re",PIDILITIND.NS,1570.9,965397.0,7.455065881169704e-12
HDFC Asset Management Company Ltd.,Financials,8,"ICICI Pru Large Cap Fund, Canara Rob Large Cap Fund-Reg, Tata Large Cap Fund-Reg, HSBC Large Cap Fund, Parag Parikh Large Cap Fund-Reg, Union Largecap Fund-Reg, Bank of India Large Cap Fund-Re, Taurus Large Cap Fund-Reg",HDFCAMC.NS,2505.7,899289.0,6.710376132007341e-12
ICICI Lombard General Insurance Company Ltd.,Financials,7,"ICICI Pru Large Cap Fund, SBI Large Cap Fund-Reg, Nippon India Large Cap Fund, Aditya Birla SL Large Cap Fund-, DSP Large Cap Fund-Reg, Sundaram Large Cap Fund-Reg, PGIM India Large Cap Fund",ICICIGI.NS,1661.8,897730.0,1.1426177554948601e-11
Adani Energy Solutions Ltd.,Energy,7,"SBI Large Cap Fund-Reg, Aditya Birla SL Large Cap Fund-, Quant Large Cap Fund-Reg, Tata Large Cap Fund-Reg, Parag Parikh Large Cap Fund-Reg, Union Largecap Fund-Reg, Samco Large Cap Fund-Reg",ADANIENSOL.NS,1702.2,3180020.0,3.745385532334704e-12
Godrej Consumer Products Ltd.,FMCG,7,"ICICI Pru Large Cap Fund, Nippon India Large Cap Fund, Mirae Asset Large Cap Fund-Reg, Aditya Birla SL Large Cap Fund-, Kotak Large Cap Fund, Bajaj Finserv Large Cap Fund-Re, Parag Parikh Large Cap Fund-Reg",GODREJCP.NS,1059.5,1324377.0,1.0524264883680616e-11
Info Edge (India) Ltd.,Technology,7,"ICICI Pru Large Cap Fund, Canara Rob Large Cap Fund-Reg, UTI Large Cap Fund-Reg, DSP Large Cap Fund-Reg, Sundaram Large Cap Fund-Reg, Edelweiss Large Cap Fund-Reg, WOC Large Cap Fund-Reg",NAUKRI.NS,1165.5,2453423.0,7.1338470818856896e-12
SRF Ltd.,Chemicals,7,"HDFC Large Cap Fund, Axis Large Cap Fund-Reg, Canara Rob Large Cap Fund-Reg, UTI Large Cap Fund-Reg, Invesco India Largecap Fund-Reg, Mahindra Manulife Large Cap Fun, JM Large Cap Fund-Reg",SRF.NS,2664.7,567439.0,1.134700350701805e-11
Tata Capital Ltd.,Financials,7,"HDFC Large Cap Fund, Baroda BNP Paribas Large Cap Fu, WOC Large Cap Fund-Reg, Parag Parikh Large Cap Fund-Reg, Mahindra Manulife Large Cap Fun, PGIM India Large Cap Fund, Taurus Large Cap Fund-Reg",,,,
PB Fintech Ltd.,Financials,7,"Nippon India Large Cap Fund, Mirae Asset Large Cap Fund-Reg, Canara Rob Large Cap Fund-Reg, UTI Large Cap Fund-Reg, Franklin India Large Cap Fund, Baroda BNP Paribas Large Cap Fu, Invesco India Largecap Fund-Reg",POLICYBZR.NS,1537.2,2071957.0,5.662668462404602e-12
Coal India Ltd.,Energy,7,"UTI Large Cap Fund-Reg, Motilal Oswal Large Cap Fund-Re, Baroda BNP Paribas Large Cap Fu, Edelweiss Large Cap Fund-Reg, Parag Parikh Large Cap Fund-Reg, Samco Large Cap Fund-Reg, Taurus Large Cap Fund-Reg",COALINDIA.NS,427.4,12080025.0,2.359699517585756e-12
Vedanta Ltd.,Metals,7,"ICICI Pru Large Cap Fund, SBI Large Cap Fund-Reg, Aditya Birla SL Large Cap Fund-, Bandhan Large Cap Fund-Reg, Parag Parikh Large Cap Fund-Reg, Bank of India Large Cap Fund-Re, Samco Large Cap Fund-Reg",VEDL.NS,264.65,28373263.0,3.181945908503695e-12
Vedanta Power Ltd.,Energy,7,"ICICI Pru Large Cap Fund, SBI Large Cap Fund-Reg, Mirae Asset Large Cap Fund-Reg, UTI Large Cap Fund-Reg, Bandhan Large Cap Fund-Reg, Bajaj Finserv Large Cap Fund-Re, Bank of India Large Cap Fund-Re",VEDL.NS,264.65,28373263.0,3.181945908503695e-12
IndusInd Bank Ltd.,Financials,6,"HDFC Large Cap Fund, Mirae Asset Large Cap Fund-Reg, UTI Large Cap Fund-Reg, Baroda BNP Paribas Large Cap Fu, Bajaj Finserv Large Cap Fund-Re, Mahindra Manulife Large Cap Fun",INDUSINDBK.NS,996.05,2405864.0,7.208570239926575e-12
Muthoot Finance Ltd.,Financials,6,"Edelweiss Large Cap Fund-Reg, LIC MF Large Cap Fund-Reg, WOC Large Cap Fund-Reg, Parag Parikh Large Cap Fund-Reg, PGIM India Large Cap Fund, JM Large Cap Fund-Reg",MUTHOOT.NS,,,
Polycab India Ltd.,Capital Goods,6,"UTI Large Cap Fund-Reg, Invesco India Largecap Fund-Reg, HSBC Large Cap Fund, Edelweiss Large Cap Fund-Reg, Union Largecap Fund-Reg, JM Large Cap Fund-Reg",POLYCAB.NS,8907.5,377391.0,3.96454088688986e-12
Siemens Ltd.,Capital Goods,6,"ICICI Pru Large Cap Fund, Nippon India Large Cap Fund, Mirae Asset Large Cap Fund-Reg, Tata Large Cap Fund-Reg, Parag Parikh Large Cap Fund-Reg, Samco Large Cap Fund-Reg",SIEMENS.NS,3689.8,420215.0,9.198658421745821e-12
Cash & Cash Equivalent,Unknown Sector,6,"ICICI Pru Large Cap Fund, Nippon India Large Cap Fund, Aditya Birla SL Large Cap Fund-, DSP Large Cap Fund-Reg, Sundaram Large Cap Fund-Reg, Bandhan Large Cap Fund-Reg",CASH.NS,,,
GE Vernova T&D India Ltd.,Capital Goods,5,"Nippon India Large Cap Fund, Bandhan Large Cap Fund-Reg, Edelweiss Large Cap Fund-Reg, PGIM India Large Cap Fund, Union Largecap Fund-Reg",GE.NS,,,
Indus Towers Ltd.,Media and Communications,5,"SBI Large Cap Fund-Reg, DSP Large Cap Fund-Reg, Motilal Oswal Large Cap Fund-Re, Tata Large Cap Fund-Reg, Mahindra Manulife Large Cap Fun",INDUS.NS,,,
Sona BLW Precision Forgings Ltd.,Automobile and Ancillaries,5,"SBI Large Cap Fund-Reg, Mirae Asset Large Cap Fund-Reg, Aditya Birla SL Large Cap Fund-, Bandhan Large Cap Fund-Reg, Edelweiss Large Cap Fund-Reg",SONA.NS,,,
Lupin Ltd.,Healthcare,5,"ICICI Pru Large Cap Fund, Nippon India Large Cap Fund, HDFC Large Cap Fund, UTI Large Cap Fund-Reg, Edelweiss Large Cap Fund-Reg",LUPIN.NS,2370.5,1017723.0,4.4643582801699414e-12
Dixon Technologies (India) Ltd.,Consumer Durables,5,"Nippon India Large Cap Fund, UTI Large Cap Fund-Reg, Invesco India Largecap Fund-Reg, PGIM India Large Cap Fund, Taurus Large Cap Fund-Reg",DIXON.NS,13846.0,626119.0,2.517557404120068e-12
Bank Of Baroda,Financials,5,"ICICI Pru Large Cap Fund, Sundaram Large Cap Fund-Reg, Invesco India Largecap Fund-Reg, Parag Parikh Large Cap Fund-Reg, Bank of India Large Cap Fund-Re",BANK.NS,,,
Vedanta Iron And Steel Ltd.,Metals,5,"ICICI Pru Large Cap Fund, SBI Large Cap Fund-Reg, Bandhan Large Cap Fund-Reg, Bajaj Finserv Large Cap Fund-Re, Bank of India Large Cap Fund-Re",VEDL.NS,264.65,28373263.0,3.181945908503695e-12
Lenskart Solutions Ltd.,Healthcare,5,"Mirae Asset Large Cap Fund-Reg, Aditya Birla SL Large Cap Fund-, Canara Rob Large Cap Fund-Reg, Kotak Large Cap Fund, WOC Large Cap Fund-Reg",LENSKART.NS,555.9,6670707.0,5.625031130246562e-12
Billionbrains Garage Ventures Ltd.,Financials,5,"HDFC Large Cap Fund, Mirae Asset Large Cap Fund-Reg, Tata Large Cap Fund-Reg, Bandhan Large Cap Fund-Reg, WOC Large Cap Fund-Reg",BILLIONBRAINS.NS,,,
Vedanta Oil and Gas Ltd.,Metals,5,"ICICI Pru Large Cap Fund, SBI Large Cap Fund-Reg, UTI Large Cap Fund-Reg, Bandhan Large Cap Fund-Reg, Parag Parikh Large Cap Fund-Reg",VEDL.NS,264.65,28373263.0,3.181945908503695e-12
LTM Ltd.,Technology,5,"UTI Large Cap Fund-Reg, Motilal Oswal Large Cap Fund-Re, WOC Large Cap Fund-Reg, Parag Parikh Large Cap Fund-Reg, JM Large Cap Fund-Reg",LTM.NS,4091.8,455279.0,1.0165850747297e-11
Adani Power Ltd.,Energy,4,"Aditya Birla SL Large Cap Fund-, Parag Parikh Large Cap Fund-Reg, Bank of India Large Cap Fund-Re, Samco Large Cap Fund-Reg",ADANI.NS,,,
Jindal Steel Ltd.,Metals,4,"Mirae Asset Large Cap Fund-Reg, Aditya Birla SL Large Cap Fund-, Parag Parikh Large Cap Fund-Reg, Samco Large Cap Fund-Reg",JINDAL.NS,,,
Multi Commodity Exchange Of India Ltd.,Financials,4,"Canara Rob Large Cap Fund-Reg, Baroda BNP Paribas Large Cap Fu, Invesco India Largecap Fund-Reg, Union Largecap Fund-Reg",MULTI.NS,,,
Oberoi Realty Ltd.,Construction,4,"ICICI Pru Large Cap Fund, Canara Rob Large Cap Fund-Reg, Kotak Large Cap Fund, Franklin India Large Cap Fund",OBEROI.NS,,,
Hitachi Energy India Ltd.,Capital Goods,4,"Baroda BNP Paribas Large Cap Fu, Edelweiss Large Cap Fund-Reg, LIC MF Large Cap Fund-Reg, Union Largecap Fund-Reg",HITACHI.NS,,,
Hindustan Zinc Ltd.,Metals,4,"Tata Large Cap Fund-Reg, Baroda BNP Paribas Large Cap Fu, Parag Parikh Large Cap Fund-Reg, JM Large Cap Fund-Reg",HINDUSTAN.NS,,,
Siemens Energy India Ltd.,Capital Goods,4,"Nippon India Large Cap Fund, Mirae Asset Large Cap Fund-Reg, Parag Parikh Large Cap Fund-Reg, ITI Large Cap Fund-Reg",SIEMENS.NS,3689.8,420215.0,9.198658421745821e-12
Lodha Developers Ltd.,Construction,4,"Mirae Asset Large Cap Fund-Reg, Bandhan Large Cap Fund-Reg, Invesco India Largecap Fund-Reg, Parag Parikh Large Cap Fund-Reg",LODHA.NS,1144.1,2625051.0,9.808899249219535e-12
GAIL (India) Ltd.,Energy,4,"SBI Large Cap Fund-Reg, Mirae Asset Large Cap Fund-Reg, DSP Large Cap Fund-Reg, Parag Parikh Large Cap Fund-Reg",GAIL.NS,170.02,8649372.0,7.779758415458775e-12
Kwality Wall's (India) Ltd.,FMCG,4,"SBI Large Cap Fund-Reg, Canara Rob Large Cap Fund-Reg, Edelweiss Large Cap Fund-Reg, Groww Largecap Fund-Reg",KWALITY.NS,,,
PI Industries Ltd.,Chemicals,4,"SBI Large Cap Fund-Reg, Aditya Birla SL Large Cap Fund-, Canara Rob Large Cap Fund-Reg, Sundaram Large Cap Fund-Reg",PI.NS,,,
Shree Cement Ltd.,Construction,4,"ICICI Pru Large Cap Fund, SBI Large Cap Fund-Reg, Nippon India Large Cap Fund, Parag Parikh Large Cap Fund-Reg",SHREE.NS,,,
Adani Enterprises Ltd.,Miscellaneous,4,"SBI Large Cap Fund-Reg, Quant Large Cap Fund-Reg, Parag Parikh Large Cap Fund-Reg, Union Largecap Fund-Reg",ADANI.NS,,,
Indian Oil Corporation Ltd.,Energy,4,"ICICI Pru Large Cap Fund, DSP Large Cap Fund-Reg, Bandhan Large Cap Fund-Reg, Parag Parikh Large Cap Fund-Reg",INDIAN.NS,,,
JB Chemicals & Pharmaceuticals Ltd.,Healthcare,4,"Franklin India Large Cap Fund, Motilal Oswal Large Cap Fund-Re, Edelweiss Large Cap Fund-Reg, Parag Parikh Large Cap Fund-Reg",JB.NS,,,
Prestige Estates Projects Ltd.,Construction,4,"Bandhan Large Cap Fund-Reg, Invesco India Largecap Fund-Reg, PGIM India Large Cap Fund, JM Large Cap Fund-Reg",PRESTIGE.NS,1592.8,719172.0,2.1326950986610107e-11
JSW Infrastructure Ltd.,Infrastructure,4,"Franklin India Large Cap Fund, Motilal Oswal Large Cap Fund-Re, Sundaram Large Cap Fund-Reg, WOC Large Cap Fund-Reg",JSW.NS,,,
Honeywell Automation India Ltd.,Consumer Durables,3,"Aditya Birla SL Large Cap Fund-, Tata Large Cap Fund-Reg, Invesco India Largecap Fund-Reg",HONEYWELL.NS,,,
Max Financial Services Ltd.,Financials,3,"Nippon India Large Cap Fund, WOC Large Cap Fund-Reg, Union Largecap Fund-Reg",MAX.NS,,,
Hero MotoCorp Ltd.,Automobile and Ancillaries,3,"ICICI Pru Large Cap Fund, DSP Large Cap Fund-Reg, Baroda BNP Paribas Large Cap Fu",HERO.NS,,,
Schaeffler India Ltd.,Automobile and Ancillaries,3,"SBI Large Cap Fund-Reg, Kotak Large Cap Fund, Edelweiss Large Cap Fund-Reg",SCHAEFFLER.NS,4107.7,78465.0,5.1079402097776817e-11
FSN E-Commerce Ventures Ltd.,Retail and Other Services,3,"Mirae Asset Large Cap Fund-Reg, HSBC Large Cap Fund, WOC Large Cap Fund-Reg",FSN.NS,,,
ICICI Prudential Life Insurance Company Ltd.,Financials,3,"ICICI Pru Large Cap Fund, SBI Large Cap Fund-Reg, DSP Large Cap Fund-Reg",ICICIPRULI.NS,500.55,1763141.0,2.0347869359454043e-11
Jubilant FoodWorks Ltd.,FMCG,3,"Nippon India Large Cap Fund, UTI Large Cap Fund-Reg, Sundaram Large Cap Fund-Reg",JUBILANT.NS,,,
Meesho Ltd.,Retail and Other Services,3,"Nippon India Large Cap Fund, Aditya Birla SL Large Cap Fund-, HSBC Large Cap Fund",MEESHO.NS,185.24,29615467.0,6.6681062478196345e-12
Mphasis Ltd.,Technology,3,"Mirae Asset Large Cap Fund-Reg, Kotak Large Cap Fund, Union Largecap Fund-Reg",MPHASIS.NS,2288.1,572836.0,1.2935150845113489e-11
JSW Energy Ltd.,Energy,3,"Mirae Asset Large Cap Fund-Reg, JM Large Cap Fund-Reg, ITI Large Cap Fund-Reg",JSW.NS,,,
One97 Communications Ltd.,Financials,3,"Mirae Asset Large Cap Fund-Reg, Bandhan Large Cap Fund-Reg, JM Large Cap Fund-Reg",ONE97.NS,,,
JIO Financial Services Ltd.,Financials,3,"Bajaj Finserv Large Cap Fund-Re, Parag Parikh Large Cap Fund-Reg, Union Largecap Fund-Reg",JIO.NS,,,
Punjab National Bank,Financials,3,"Baroda BNP Paribas Large Cap Fu, Parag Parikh Large Cap Fund-Reg, Mahindra Manulife Large Cap Fun",PUNJAB.NS,,,
Delhivery Ltd.,Logistics,3,"Aditya Birla SL Large Cap Fund-, Invesco India Largecap Fund-Reg, HSBC Large Cap Fund",DELHIVERY.NS,462.55,4028820.0,8.722137638072768e-12
Wipro Ltd.,Technology,3,"ICICI Pru Large Cap Fund, Baroda BNP Paribas Large Cap Fu, Parag Parikh Large Cap Fund-Reg",WIPRO.NS,177.12,23917654.0,2.863524461705519e-12
Marico Ltd.,FMCG,3,"Franklin India Large Cap Fund, Sundaram Large Cap Fund-Reg, Edelweiss Large Cap Fund-Reg",MARICO.NS,855.6,1932534.0,5.69672641785683e-12
Bosch Ltd.,Automobile and Ancillaries,3,"Kotak Large Cap Fund, Baroda BNP Paribas Large Cap Fu, Parag Parikh Large Cap Fund-Reg",BOSCH.NS,,,
Adani Green Energy Ltd.,Energy,3,"Quant Large Cap Fund-Reg, Parag Parikh Large Cap Fund-Reg, Samco Large Cap Fund-Reg",ADANI.NS,,,
Craftsman Automation Ltd.,Automobile and Ancillaries,3,"Sundaram Large Cap Fund-Reg, Bandhan Large Cap Fund-Reg, Edelweiss Large Cap Fund-Reg",CRAFTSMAN.NS,9284.0,130734.0,2.415397112773585e-11
Bharat Heavy Electricals Ltd.,Capital Goods,3,"Tata Large Cap Fund-Reg, Baroda BNP Paribas Large Cap Fu, WOC Large Cap Fund-Reg",BHARAT.NS,,,
Ashok Leyland Ltd.,Automobile and Ancillaries,3,"Franklin India Large Cap Fund, Edelweiss Large Cap Fund-Reg, PGIM India Large Cap Fund",ASHOK.NS,,,
Mazagon Dock Shipbuilders Ltd.,Automobile and Ancillaries,3,"Parag Parikh Large Cap Fund-Reg, Bank of India Large Cap Fund-Re, Taurus Large Cap Fund-Reg",MAZAGON.NS,,,
Union Bank Of India,Financials,3,"Parag Parikh Large Cap Fund-Reg, Samco Large Cap Fund-Reg, Taurus Large Cap Fund-Reg",UNION.NS,,,
Havells India Ltd.,Capital Goods,3,"ICICI Pru Large Cap Fund, HDFC Large Cap Fund, Mahindra Manulife Large Cap Fun",HAVELLS.NS,1226.9,1051465.0,1.0434401381483351e-11
Oil India Ltd.,Energy,3,"ICICI Pru Large Cap Fund, Baroda BNP Paribas Large Cap Fu, WOC Large Cap Fund-Reg",OIL.NS,449.75,4742074.0,7.62292878003433e-12
Crompton Greaves Consumer Electricals Ltd.,Consumer Durables,2,"Mirae Asset Large Cap Fund-Reg, Aditya Birla SL Large Cap Fund-",CROMPTON.NS,250.15,3743578.0,1.8399706968603553e-11
Bharat Forge Ltd.,Automobile and Ancillaries,2,"Aditya Birla SL Large Cap Fund-, Kotak Large Cap Fund",BHARAT.NS,,,
Abbott India Ltd.,Healthcare,2,"Canara Rob Large Cap Fund-Reg, Edelweiss Large Cap Fund-Reg",ABBOTT.NS,,,
Anthem Biosciences Ltd.,Healthcare,2,"Kotak Large Cap Fund, Edelweiss Large Cap Fund-Reg",ANTHEM.NS,769.9,581966.0,4.036604047151649e-11
Ather Energy Ltd.,Automobile and Ancillaries,2,"Bandhan Large Cap Fund-Reg, Invesco India Largecap Fund-Reg",ATHER.NS,,,
KFin Technologies Ltd.,Financials,2,"Bandhan Large Cap Fund-Reg, ITI Large Cap Fund-Reg",KFIN.NS,,,
Glenmark Pharmaceuticals Ltd.,Healthcare,2,"Bandhan Large Cap Fund-Reg, Edelweiss Large Cap Fund-Reg",GLENMARK.NS,2192.0,666815.0,8.35062701929657e-12
Godrej Properties Ltd.,Construction,2,"Bandhan Large Cap Fund-Reg, Mahindra Manulife Large Cap Fun",GODREJ.NS,,,
NHPC Ltd.,Energy,2,"ICICI Pru Large Cap Fund, Baroda BNP Paribas Large Cap Fu",NHPC.NS,79.39,25671903.0,9.498765071017935e-12
Zydus Lifesciences Ltd.,Healthcare,2,"ICICI Pru Large Cap Fund, Parag Parikh Large Cap Fund-Reg",ZYDUS.NS,,,
United Breweries Ltd.,FMCG,2,"ICICI Pru Large Cap Fund, Nippon India Large Cap Fund",UNITED.NS,,,
Tube Investments of India Ltd.,Automobile and Ancillaries,2,"Bandhan Large Cap Fund-Reg, Invesco India Largecap Fund-Reg",TUBE.NS,,,
Canara Bank,Financials,2,"Parag Parikh Large Cap Fund-Reg, Bank of India Large Cap Fund-Re",CANARA.NS,,,
Hindustan Petroleum Corporation Ltd.,Energy,2,"HSBC Large Cap Fund, Edelweiss Large Cap Fund-Reg",HINDUSTAN.NS,,,
Poly Medicure Ltd.,Healthcare,2,"Invesco India Largecap Fund-Reg, WOC Large Cap Fund-Reg",POLY.NS,,,
Aptus Value Housing Finance India Ltd.,Financials,2,"Motilal Oswal Large Cap Fund-Re, Edelweiss Large Cap Fund-Reg",APTUS.NS,277.15,1345689.0,6.185321461014046e-11
Cyient Ltd.,Technology,2,"DSP Large Cap Fund-Reg, Tata Large Cap Fund-Reg",CYIENT.NS,840.05,466343.0,4.4986141745467924e-11
Whirlpool Of India Ltd.,Consumer Durables,2,"Aditya Birla SL Large Cap Fund-, Motilal Oswal Large Cap Fund-Re",WHIRLPOOL.NS,771.45,287451.0,6.958651843721445e-11
Poonawalla Fincorp Ltd.,Financials,2,"Kotak Large Cap Fund, Bandhan Large Cap Fund-Reg",POONAWALLA.NS,459.7,1835339.0,2.6964862357573414e-11
Jubilant Ingrevia Ltd.,Chemicals,2,"DSP Large Cap Fund-Reg, Bandhan Large Cap Fund-Reg",JUBILANT.NS,,,
UNO Minda Ltd.,Automobile and Ancillaries,2,"Canara Rob Large Cap Fund-Reg, Union Largecap Fund-Reg",UNO.NS,,,
Jindal Stainless Ltd.,Metals,2,"UTI Large Cap Fund-Reg, LIC MF Large Cap Fund-Reg",JINDAL.NS,,,
Nifty 50,Unknown Sector,2,"Axis Large Cap Fund-Reg, Motilal Oswal Large Cap Fund-Re",NIFTY.NS,,,
Page Industries Ltd.,Textile,2,"ICICI Pru Large Cap Fund, SBI Large Cap Fund-Reg",PAGE.NS,,,
NTPC Green Energy Ltd.,Energy,2,"Nippon India Large Cap Fund, Invesco India Largecap Fund-Reg",NTPC.NS,347.2,10849495.0,2.2516457533455885e-12
Restaurant Brands Asia Ltd.,Retail and Other Services,2,"Mirae Asset Large Cap Fund-Reg, Motilal Oswal Large Cap Fund-Re",RESTAURANT.NS,,,
Sobha Ltd.,Construction,2,"Mirae Asset Large Cap Fund-Reg, Aditya Birla SL Large Cap Fund-",SOBHA.NS,1362.3,208896.0,8.976870354738409e-11
Life Insurance Corporation of India,Financials,2,"ICICI Pru Large Cap Fund, DSP Large Cap Fund-Reg",LIFE.NS,,,
Navin Fluorine International Ltd.,Chemicals,2,"WOC Large Cap Fund-Reg, Union Largecap Fund-Reg",NAVIN.NS,,,
JK Cement Ltd.,Construction,2,"Union Largecap Fund-Reg, Groww Largecap Fund-Reg",JK.NS,,,
Krishna Institute of Medical Sciences Ltd,Healthcare,2,"Motilal Oswal Large Cap Fund-Re, Edelweiss Large Cap Fund-Reg",KRISHNA.NS,,,
Indiqube Spaces Ltd.,Miscellaneous,2,"Motilal Oswal Large Cap Fund-Re, Groww Largecap Fund-Reg",INDIQUBE.NS,181.31,112457.0,2.875821168806518e-09
Bajaj Holdings & Investment Ltd.,Financials,2,"Motilal Oswal Large Cap Fund-Re, Parag Parikh Large Cap Fund-Reg",BAJAJ.NS,,,
PG Electroplast Ltd.,Consumer Durables,2,"Kotak Large Cap Fund, Bandhan Large Cap Fund-Reg",PG.NS,,,
Dabur India Ltd.,FMCG,2,"HDFC Large Cap Fund, Edelweiss Large Cap Fund-Reg",DABUR.NS,423.2,2070208.0,1.4347688468368532e-11
Gujarat Energy Ltd.,Energy,2,"Mirae Asset Large Cap Fund-Reg, Kotak Large Cap Fund",GUJARAT.NS,,,
PNB Housing Finance Ltd.,Financials,2,"Aditya Birla SL Large Cap Fund-, ITI Large Cap Fund-Reg",PNB.NS,110.38,20788207.0,5.846523649735773e-12
JSW Dulux Ltd.,Chemicals,2,"Aditya Birla SL Large Cap Fund-, Bandhan Large Cap Fund-Reg",JSW.NS,,,
Godfrey Phillips India Ltd.,FMCG,2,"LIC MF Large Cap Fund-Reg, ITI Large Cap Fund-Reg",GODFREY.NS,,,
BSE Ltd.,Financials,2,"Bank of India Large Cap Fund-Re, Groww Largecap Fund-Reg",BSE.NS,3549.7,3449094.0,1.147782669716005e-12
SKF India (Industrial) Ltd.,Automobile and Ancillaries,2,"SBI Large Cap Fund-Reg, Mirae Asset Large Cap Fund-Reg",SKF.NS,,,
Other Derivaties,Unknown Sector,2,"SBI Large Cap Fund-Reg, Aditya Birla SL Large Cap Fund-",OTHER.NS,,,
Brainbees Solutions Ltd.,Retail and Other Services,2,"SBI Large Cap Fund-Reg, Kotak Large Cap Fund",BRAINBEES.NS,,,
Torrent Power Ltd.,Energy,2,"SBI Large Cap Fund-Reg, PGIM India Large Cap Fund",TORRENT.NS,,,
National Highways Infra Trust,Unknown Sector,1,WOC Large Cap Fund-Reg,NATIONAL.NS,,,
Citius Transnet Investment Trust,Unknown Sector,1,WOC Large Cap Fund-Reg,CITIUS.NS,,,
Thermax Ltd.,Capital Goods,1,SBI Large Cap Fund-Reg,THERMAX.NS,4514.0,306756.0,2.0232683600987494e-11
Embassy Office Parks REIT,Unknown Sector,1,WOC Large Cap Fund-Reg,EMBASSY.NS,437.98,578727.0,3.4317854830091215e-11
Nexus Select Trust,Unknown Sector,1,WOC Large Cap Fund-Reg,NEXUS.NS,,,
TBO Tek Ltd.,Travel,1,WOC Large Cap Fund-Reg,TBO.NS,,,
ITC Hotels Ltd.,Travel,1,ICICI Pru Large Cap Fund,ITC.NS,283.45,15723574.0,1.643743390717502e-12
Aadhar Housing Finance Ltd.,Financials,1,WOC Large Cap Fund-Reg,AADHAR.NS,,,
Ajanta Pharma Ltd.,Healthcare,1,Aditya Birla SL Large Cap Fund-,AJANTA.NS,,,
Bandhan Bank Ltd.,Financials,1,Aditya Birla SL Large Cap Fund-,BANDHAN.NS,,,
Bayer CropScience Ltd.,Chemicals,1,Aditya Birla SL Large Cap Fund-,BAYER.NS,,,
Sanofi Consumer Healthcare India Ltd.,Healthcare,1,Aditya Birla SL Large Cap Fund-,SANOFI.NS,3388.9,25122.0,1.1424791422989715e-10
Emami Ltd.,FMCG,1,Aditya Birla SL Large Cap Fund-,EMAMI.NS,,,
Axis Money Market Fund(G)-Direct Plan,Unknown Sector,1,Axis Large Cap Fund-Reg,AXIS.NS,,,
Axis Nifty ETF,Unknown Sector,1,Axis Large Cap Fund-Reg,AXIS.NS,,,
Aditya Birla Capital Ltd.,Financials,1,Aditya Birla SL Large Cap Fund-,ADITYA.NS,,,
L&T Finance Ltd.,Financials,1,Mirae Asset Large Cap Fund-Reg,LT.NS,3785.6,2131973.0,1.1679485733374335e-12
Kalyan Jewellers India Ltd.,Retail and Other Services,1,Mirae Asset Large Cap Fund-Reg,KALYAN.NS,,,
Mirae Asset Cash Management(G)-Direct Plan,Unknown Sector,1,Mirae Asset Large Cap Fund-Reg,MIRAE.NS,,,
Kalpataru Projects International Ltd.,Infrastructure,1,Mirae Asset Large Cap Fund-Reg,KPIL.NS,1299.9,229636.0,6.69722810012341e-11
Indian Energy Exchange Ltd.,Energy,1,Mirae Asset Large Cap Fund-Reg,INDIAN.NS,,,
KPIT Technologies Ltd.,Technology,1,Mirae Asset Large Cap Fund-Reg,KPIT.NS,,,
Titagarh Rail Systems Ltd.,Automobile and Ancillaries,1,Mirae Asset Large Cap Fund-Reg,TITAGARH.NS,819.45,1188994.0,2.9677941193086795e-11
Chemplast Sanmar Ltd.,Chemicals,1,Mirae Asset Large Cap Fund-Reg,CHEMPLAST.NS,,,
Timken India Ltd.,Automobile and Ancillaries,1,Mirae Asset Large Cap Fund-Reg,TIMKEN.NS,3127.0,72292.0,8.129619822707335e-11
Gujarat Fluorochemicals Ltd.,Chemicals,1,Mirae Asset Large Cap Fund-Reg,GUJARAT.NS,,,
EPL Ltd.,FMCG,1,Mirae Asset Large Cap Fund-Reg,EPL.NS,233.06,614916.0,1.3084570245548277e-10
Devyani International Ltd.,FMCG,1,Nippon India Large Cap Fund,DEVYANI.NS,112.3,3281378.0,6.956035035297313e-11
Linde India Ltd.,Energy,1,Nippon India Large Cap Fund,LINDE.NS,,,
Chalet Hotels Ltd.,Travel,1,Nippon India Large Cap Fund,CHALET.NS,814.4,141203.0,1.6773710394124367e-10
Procter & Gamble Hygiene and Health Care Ltd.,FMCG,1,ICICI Pru Large Cap Fund,PROCTER.NS,,,
Container Corporation Of India Ltd.,Logistics,1,ICICI Pru Large Cap Fund,CONTAINER.NS,,,
Gillette India Ltd.,FMCG,1,Nippon India Large Cap Fund,GILLETTE.NS,7828.5,24731.0,5.4604139213696213e-11
SBI Cards And Payment Services Ltd.,Financials,1,Nippon India Large Cap Fund,SBI.NS,,,
EIH Ltd.,Travel,1,Nippon India Large Cap Fund,EIH.NS,,,
Gland Pharma Ltd.,Healthcare,1,Mirae Asset Large Cap Fund-Reg,GLAND.NS,2379.8,647172.0,2.915565408401526e-11
Colgate-Palmolive (India) Ltd.,FMCG,1,Nippon India Large Cap Fund,COLGATEPALMOLIVE.NS,,,
PVR Inox Ltd.,Media and Communications,1,Nippon India Large Cap Fund,PVR.NS,,,
Motherson Sumi Wiring India Ltd.,Automobile and Ancillaries,1,SBI Large Cap Fund-Reg,MOTHERSON.NS,145.55,21161079.0,5.402887813312798e-12
SKF India Ltd.,Automobile and Ancillaries,1,SBI Large Cap Fund-Reg,SKF.NS,,,
Blue Star Ltd.,Consumer Durables,1,LIC MF Large Cap Fund-Reg,BLUE.NS,,,
MOIL Ltd.,Energy,1,LIC MF Large Cap Fund-Reg,MOIL.NS,268.85,518136.0,8.20757956941438e-11
Allied Blenders And Distillers Ltd.,FMCG,1,LIC MF Large Cap Fund-Reg,ALLIED.NS,,,
Ujjivan Small Finance Bank Ltd.,Financials,1,LIC MF Large Cap Fund-Reg,UJJIVAN.NS,,,
Nippon Life India Asset Management Ltd.,Financials,1,LIC MF Large Cap Fund-Reg,NIPPON.NS,,,
Bharat Dynamics Ltd.,Capital Goods,1,LIC MF Large Cap Fund-Reg,BHARAT.NS,,,
Other Assets,Unknown Sector,1,Edelweiss Large Cap Fund-Reg,OTHER.NS,,,
Balrampur Chini Mills Ltd.,FMCG,1,Bank of India Large Cap Fund-Re,BALRAMPUR.NS,,,
Sky Gold and Diamonds Ltd.,Retail and Other Services,1,Bank of India Large Cap Fund-Re,SKY.NS,,,
OnEMI Technology Solutions Ltd.,Financials,1,Bank of India Large Cap Fund-Re,ONEMI.NS,,,
TD Power Systems Ltd.,Capital Goods,1,Bank of India Large Cap Fund-Re,TD.NS,,,
Stylam Industries Ltd.,Construction,1,Bank of India Large Cap Fund-Re,STYLAM.NS,,,
Quality Power Electrical Equipments Ltd.,Capital Goods,1,Bank of India Large Cap Fund-Re,QUALITY.NS,,,
CreditAccess Grameen Ltd.,Financials,1,Bank of India Large Cap Fund-Re,CREDITACCESS.NS,,,
Sanghvi Movers Ltd.,Logistics,1,ITI Large Cap Fund-Reg,SANGHVI.NS,,,
Shakti Pumps (India) Ltd.,Capital Goods,1,ITI Large Cap Fund-Reg,SHAKTI.NS,,,
360 One Wam Ltd.,Financials,1,JM Large Cap Fund-Reg,360.NS,,,
HDB Financial Services Ltd.,Financials,1,Mahindra Manulife Large Cap Fun,HDB.NS,,,
IIFL Finance Ltd.,Financials,1,ITI Large Cap Fund-Reg,IIFL.NS,556.55,3213104.0,1.7102061381747153e-11
Anirit Ventures Ltd.,Textile,1,JM Large Cap Fund-Reg,ANIRIT.NS,,,
Punjab National Bank (03-Jul-2026),Certificate of Deposit,1,ICICI Pru Large Cap Fund,PUNJAB.NS,,,
Raajmarg Infra Investment Trust,Unknown Sector,1,WOC Large Cap Fund-Reg,RAAJMARG.NS,,,
Astra Microwave Products Ltd.,Capital Goods,1,Kotak Large Cap Fund,ASTRA.NS,,,
V-Guard Industries Ltd.,Capital Goods,1,Kotak Large Cap Fund,VGUARD.NS,290.8,261974.0,1.8569830559782115e-10
Mahindra Lifespace Developers Ltd.,Construction,1,Kotak Large Cap Fund,MAHINDRA.NS,,,
The India Cements Ltd.,Construction,1,Kotak Large Cap Fund,THE.NS,,,
Voltas Ltd.,Consumer Durables,1,Kotak Large Cap Fund,VOLTAS.NS,1327.3,1036044.0,1.2084136802327168e-11
Afcons Infrastructure Ltd.,Infrastructure,1,Aditya Birla SL Large Cap Fund-,AFCONS.NS,285.95,1706184.0,9.077714410792369e-11
Astral Ltd.,Consumer Durables,1,UTI Large Cap Fund-Reg,ASTRAL.NS,1468.1,701042.0,1.7621404059931693e-11
Metropolis Healthcare Ltd.,Healthcare,1,UTI Large Cap Fund-Reg,METROPOLIS.NS,570.25,436816.0,1.4828947651374908e-10
Sanofi India Ltd.,Healthcare,1,Aditya Birla SL Large Cap Fund-,SANOFI.NS,3388.9,25122.0,1.1424791422989715e-10
Aditya Birla SL Nifty Next 50 ETF,Unknown Sector,1,Aditya Birla SL Large Cap Fund-,ADITYA.NS,,,
JSW Cement Ltd.,Construction,1,Tata Large Cap Fund-Reg,JSW.NS,,,
Sedemac Mechatronics Ltd.,Media and Communications,1,Sundaram Large Cap Fund-Reg,SEDEMAC.NS,2689.2,189786.0,6.353411318028495e-11
Flair Writing Industries Ltd.,FMCG,1,Motilal Oswal Large Cap Fund-Re,FLAIR.NS,252.5,159315.0,3.713283104277859e-10
Tanfac Industries Ltd.,Chemicals,1,Motilal Oswal Large Cap Fund-Re,TANFAC.NS,,,
Shadowfax Technologies Ltd.,Logistics,1,Motilal Oswal Large Cap Fund-Re,SHADOWFAX.NS,214.48,5102052.0,4.955056354252088e-11
GNG Electronics Ltd.,Miscellaneous,1,Motilal Oswal Large Cap Fund-Re,GNG.NS,,,
Solarworld Energy Solutions Ltd.,Infrastructure,1,Motilal Oswal Large Cap Fund-Re,SOLARWORLD.NS,201.93,669693.0,3.875410877445655e-10
Euro Pratik Sales Ltd.,Construction,1,Motilal Oswal Large Cap Fund-Re,EURO.NS,,,
Sambhv Steel Tubes Ltd.,Metals,1,Motilal Oswal Large Cap Fund-Re,SAMBHV.NS,115.92,1437138.0,1.1938951329030088e-10
Sagility Ltd.,Miscellaneous,1,Motilal Oswal Large Cap Fund-Re,SAGILITY.NS,40.42,17874635.0,2.004174663493332e-11
Cognizant Technology Solutions Corporation,Overseas Equity,1,Franklin India Large Cap Fund,COGNIZANT.NS,,,
Ipca Laboratories Ltd.,Healthcare,1,DSP Large Cap Fund-Reg,IPCA.NS,,,
Alembic Pharmaceuticals Ltd.,Healthcare,1,DSP Large Cap Fund-Reg,ALEMBIC.NS,,,
Capri Global Capital Ltd.,Financials,1,Quant Large Cap Fund-Reg,CAPRI.NS,,,
Cholamandalam Financial Holdings Ltd.,Financials,1,Motilal Oswal Large Cap Fund-Re,CHOLAMANDALAM.NS,,,
Brigade Hotel Ventures Ltd.,Travel,1,Motilal Oswal Large Cap Fund-Re,BRIGADE.NS,525.45,668593.0,7.337809939646324e-11
Endurance Technologies Ltd.,Automobile and Ancillaries,1,Franklin India Large Cap Fund,ENDURANCE.NS,2634.0,140560.0,4.4091040706367465e-11
Petronet LNG Ltd.,Energy,1,DSP Large Cap Fund-Reg,PETRONET.NS,274.7,2812284.0,1.619555132313562e-11
Call Money,Unknown Sector,1,Franklin India Large Cap Fund,CALL.NS,,,
The Federal Bank Ltd.,Financials,1,Aditya Birla SL Large Cap Fund-,THE.NS,,,
Pine Labs Ltd.,Financials,1,Aditya Birla SL Large Cap Fund-,PINE.NS,,,
Balkrishna Industries Ltd.,Automobile and Ancillaries,1,UTI Large Cap Fund-Reg,BALKRISIND.NS,2013.5,174526.0,5.6348234774978995e-11
Shubh Shanti Services Ltd,Financials,1,UTI Large Cap Fund-Reg,SHUBH.NS,,,
Metro Brands Ltd.,Retail and Other Services,1,UTI Large Cap Fund-Reg,METRO.NS,,,
Coromandel International Ltd.,Chemicals,1,Kotak Large Cap Fund,COROMANDEL.NS,1980.8,346487.0,2.4958449340140765e-11
Apollo Tyres Ltd.,Automobile and Ancillaries,1,Kotak Large Cap Fund,APOLLO.NS,394.3,20491964.0,5.187169817507605e-12
Acme Solar Holdings Ltd.,Energy,1,Kotak Large Cap Fund,ACME.NS,,,
Hexaware Technologies Ltd.,Technology,1,ICICI Pru Large Cap Fund,HEXAWARE.NS,,,
Westlife Foodworld Ltd,Retail and Other Services,1,Tata Large Cap Fund-Reg,WESTLIFE.NS,459.15,129251.0,6.244026411580278e-10
Supreme Industries Ltd.,Consumer Durables,1,ICICI Pru Large Cap Fund,SUPREMEIND.NS,3458.9,204698.0,2.3289765660091555e-11
Cemindia Projects Ltd.,Infrastructure,1,Bank of India Large Cap Fund-Re,CEMINDIA.NS,,,
Escorts Kubota Ltd.,Automobile and Ancillaries,1,Baroda BNP Paribas Large Cap Fu,ESCORTS.NS,2905.1,139529.0,3.208903808081014e-11
Ethos Ltd.,Retail and Other Services,1,Bandhan Large Cap Fund-Reg,ETHOS.NS,,,
Canara HSBC Life Insurance Company Ltd.,Financials,1,Bandhan Large Cap Fund-Reg,CANARA.NS,,,
Honasa Consumer Ltd.,Miscellaneous,1,Bandhan Large Cap Fund-Reg,HONASA.NS,448.6,2522124.0,3.288691654772748e-11
Amber Enterprises India Ltd.,Consumer Durables,1,Bandhan Large Cap Fund-Reg,AMBER.NS,7261.5,393483.0,6.724761863860909e-12
Dr. Agarwal's Health Care Ltd.,Healthcare,1,Bandhan Large Cap Fund-Reg,DR.NS,,,
RBL Bank Ltd.,Financials,1,Bandhan Large Cap Fund-Reg,RBL.NS,,,
Astrazeneca Pharma India Ltd.,Healthcare,1,Bandhan Large Cap Fund-Reg,ASTRAZENECA.NS,,,
PTC Industries Ltd.,Automobile and Ancillaries,1,Invesco India Largecap Fund-Reg,PTC.NS,164.4,1344213.0,8.73087693713667e-11
Sai Life Sciences Ltd.,Healthcare,1,Invesco India Largecap Fund-Reg,SAI.NS,,,
Jyoti CNC Automation Ltd.,Capital Goods,1,Invesco India Largecap Fund-Reg,JYOTI.NS,,,
Aditya Infotech Ltd.,Miscellaneous,1,Invesco India Largecap Fund-Reg,ADITYA.NS,,,
Sterlite Technologies Ltd.,Capital Goods,1,HSBC Large Cap Fund,STERLITE.NS,,,
Laurus Labs Ltd.,Healthcare,1,Edelweiss Large Cap Fund-Reg,LAURUS.NS,,,
MTAR Technologies Ltd.,Capital Goods,1,Bandhan Large Cap Fund-Reg,MTAR.NS,,,
Global Health Ltd.,Healthcare,1,Invesco India Largecap Fund-Reg,MEDANTA.NS,1371.0,242194.0,5.821043340767639e-11
Home First Finance Company India Ltd.,Financials,1,Invesco India Largecap Fund-Reg,HOME.NS,,,
Alkem Laboratories Ltd.,Healthcare,1,Edelweiss Large Cap Fund-Reg,ALKEM.NS,5633.5,144322.0,1.6193057074295493e-11
NMDC Ltd.,Energy,1,Edelweiss Large Cap Fund-Reg,NMDC.NS,83.56,23924655.0,6.025589134505783e-12
Steel Authority Of India Ltd.,Metals,1,Edelweiss Large Cap Fund-Reg,STEEL.NS,,,
Fortis Healthcare Ltd.,Healthcare,1,Edelweiss Large Cap Fund-Reg,FORTIS.NS,948.7,1362662.0,8.900277035954851e-12
REC Ltd.,Financials,1,Parag Parikh Large Cap Fund-Reg,REC.NS,,,
Anantam Highways Trust,Unknown Sector,1,WOC Large Cap Fund-Reg,ANANTAM.NS,,,
Indian Bank,Financials,1,Edelweiss Large Cap Fund-Reg,INDIAN.NS,,,
Orient Cement Ltd.,Construction,1,Parag Parikh Large Cap Fund-Reg,ORIENT.NS,,,
Indian Railway Finance Corporation Ltd.,Financials,1,Parag Parikh Large Cap Fund-Reg,INDIAN.NS,,,
TVS Srichakra Ltd.,Automobile and Ancillaries,1,Bank of India Large Cap Fund-Re,TVS.NS,,,
PNGS Reva Diamond Jewellery Ltd.,Retail and Other Services,1,Groww Largecap Fund-Reg,PNGS.NS,,,
ICICI Pru Nifty Metal ETF,Unknown Sector,1,Groww Largecap Fund-Reg,ICICI.NS,,,
Advit Jewels Ltd.,Retail and Other Services,1,Taurus Large Cap Fund-Reg,ADVIT.NS,,,
Insolation Energy Ltd.,Capital Goods,1,Taurus Large Cap Fund-Reg,INSOLATION.NS,,,
General Insurance Corporation of India,Financials,1,Taurus Large Cap Fund-Reg,GENERAL.NS,,,
Narayana Hrudayalaya Ltd.,Healthcare,1,Taurus Large Cap Fund-Reg,NARAYANA.NS,,,
